[H[2J[3J(1, 0) ~ (0, 98)
(2, 1) ~ (1.41421, 96)
(3, 1) ~ (2.41421, 95)
(4, 1) ~ (3.41421, 94)
(5, 2) ~ (4.82843, 92)
(5, 3) ~ (5.82843, 91)
(5, 4) ~ (6.82843, 90)
(6, 5) ~ (8.24264, 88)
(7, 5) ~ (9.24264, 87)
(5, 5) ~ (7.82843, 89)
(5, 1) ~ (4.41421, 93)
(7, 4) ~ (9.65685, 88)
(1, 1) ~ (1, 97)
(1, 2) ~ (2, 96)
(1, 3) ~ (3, 95)
(7, 3) ~ (10.6569, 89)
(7, 2) ~ (11.6569, 90)
(8, 1) ~ (13.0711, 90)
(9, 1) ~ (14.0711, 89)
(10, 1) ~ (15.0711, 88)
(11, 1) ~ (16.0711, 87)
(12, 1) ~ (17.0711, 86)
(13, 1) ~ (18.0711, 85)
(14, 1) ~ (19.0711, 84)
(15, 2) ~ (20.4853, 82)
(15, 3) ~ (21.4853, 81)
(15, 4) ~ (22.4853, 80)
(15, 5) ~ (23.4853, 79)
(15, 1) ~ (20.0711, 83)
(7, 1) ~ (12.6569, 91)
(14, 5) ~ (23.8995, 80)
(13, 6) ~ (25.3137, 80)
(13, 7) ~ (26.3137, 79)
(13, 8) ~ (27.3137, 78)
(14, 9) ~ (28.7279, 76)
(15, 10) ~ (30.1421, 74)
(16, 11) ~ (31.5563, 72)
(17, 11) ~ (32.5563, 71)
(18, 11) ~ (33.5563, 70)
(19, 11) ~ (34.5563, 69)
(15, 11) ~ (31.1421, 73)
(15, 9) ~ (29.7279, 75)
(19, 10) ~ (34.9706, 70)
(13, 9) ~ (28.3137, 77)
(13, 5) ~ (24.8995, 81)
(20, 9) ~ (36.3848, 70)
(21, 9) ~ (37.3848, 69)
(19, 9) ~ (35.9706, 71)
(21, 8) ~ (37.799, 70)
(22, 7) ~ (39.2132, 70)
(23, 7) ~ (40.2132, 69)
(24, 7) ~ (41.2132, 68)
(25, 7) ~ (42.2132, 67)
(21, 7) ~ (38.799, 71)
(25, 6) ~ (42.6274, 68)
(26, 5) ~ (44.0416, 68)
(27, 5) ~ (45.0416, 67)
(28, 5) ~ (46.0416, 66)
(29, 6) ~ (47.4559, 64)
(29, 7) ~ (48.4559, 63)
(29, 5) ~ (47.0416, 65)
(25, 5) ~ (43.6274, 69)
(28, 7) ~ (48.8701, 64)
(27, 8) ~ (50.2843, 64)
(27, 9) ~ (51.2843, 63)
(27, 7) ~ (49.8701, 65)
(26, 9) ~ (51.6985, 64)
(25, 10) ~ (53.1127, 64)
(26, 11) ~ (54.5269, 62)
(27, 12) ~ (55.9411, 60)
(27, 13) ~ (56.9411, 59)
(27, 14) ~ (57.9411, 58)
(28, 15) ~ (59.3554, 56)
(29, 15) ~ (60.3554, 55)
(30, 15) ~ (61.3554, 54)
(31, 15) ~ (62.3554, 53)
(32, 15) ~ (63.3554, 52)
(33, 15) ~ (64.3554, 51)
(34, 15) ~ (65.3554, 50)
(35, 15) ~ (66.3554, 49)
(36, 15) ~ (67.3554, 48)
(37, 15) ~ (68.3554, 47)
(38, 15) ~ (69.3554, 46)
(39, 16) ~ (70.7696, 44)
(39, 17) ~ (71.7696, 43)
(39, 18) ~ (72.7696, 42)
(39, 19) ~ (73.7696, 41)
(39, 20) ~ (74.7696, 40)
(40, 21) ~ (76.1838, 38)
(41, 21) ~ (77.1838, 37)
(39, 21) ~ (75.7696, 39)
(39, 15) ~ (70.3554, 45)
(41, 20) ~ (77.598, 38)
(27, 15) ~ (58.9411, 57)
(27, 11) ~ (55.5269, 61)
(42, 19) ~ (79.0122, 38)
(43, 20) ~ (80.4264, 36)
(43, 21) ~ (81.4264, 35)
(43, 22) ~ (82.4264, 34)
(44, 23) ~ (83.8407, 32)
(45, 24) ~ (85.2549, 30)
(45, 25) ~ (86.2549, 29)
(45, 23) ~ (84.8407, 31)
(43, 23) ~ (83.4264, 33)
(44, 25) ~ (86.6691, 30)
(43, 19) ~ (80.0122, 37)
(25, 11) ~ (54.1127, 63)
(41, 19) ~ (78.598, 39)
(25, 9) ~ (52.6985, 65)
(43, 25) ~ (87.6691, 31)
(42, 25) ~ (88.6691, 32)
(41, 25) ~ (89.6691, 33)
(40, 25) ~ (90.6691, 34)
(39, 25) ~ (91.6691, 35)
(39, 24) ~ (92.0833, 36)
(40, 23) ~ (93.4975, 36)
(41, 23) ~ (94.4975, 35)
(39, 23) ~ (93.0833, 37)
(38, 23) ~ (93.4975, 38)
(37, 24) ~ (94.9117, 38)
(37, 25) ~ (95.9117, 37)
(37, 26) ~ (96.9117, 36)
(37, 27) ~ (97.9117, 35)
(37, 23) ~ (94.4975, 39)
(36, 27) ~ (98.3259, 36)
(35, 27) ~ (99.3259, 37)
(35, 26) ~ (99.7402, 38)
(35, 25) ~ (100.74, 39)
(34, 25) ~ (101.154, 40)
(33, 25) ~ (102.154, 41)
(32, 25) ~ (103.154, 42)
(31, 25) ~ (104.154, 43)
(31, 24) ~ (104.569, 44)
(31, 23) ~ (105.569, 45)
(30, 23) ~ (105.983, 46)
(29, 24) ~ (107.397, 46)
(29, 25) ~ (108.397, 45)
(29, 26) ~ (109.397, 44)
(29, 27) ~ (110.397, 43)
(29, 28) ~ (111.397, 42)
(29, 29) ~ (112.397, 41)
(29, 30) ~ (113.397, 40)
(29, 31) ~ (114.397, 39)
(29, 32) ~ (115.397, 38)
(30, 33) ~ (116.811, 36)
(31, 33) ~ (117.811, 35)
(29, 33) ~ (116.397, 37)
(29, 23) ~ (106.983, 47)
(31, 32) ~ (118.225, 36)
(32, 31) ~ (119.64, 36)
(33, 32) ~ (121.054, 34)
(34, 33) ~ (122.468, 32)
(35, 33) ~ (123.468, 31)
(36, 33) ~ (124.468, 30)
(37, 33) ~ (125.468, 29)
(38, 33) ~ (126.468, 28)
(39, 33) ~ (127.468, 27)
(40, 33) ~ (128.468, 26)
(41, 33) ~ (129.468, 25)
(42, 33) ~ (130.468, 24)
(43, 33) ~ (131.468, 23)
(33, 33) ~ (122.054, 33)
(33, 31) ~ (120.64, 35)
(43, 32) ~ (131.882, 24)
(31, 31) ~ (119.225, 37)
(43, 31) ~ (132.882, 25)
(42, 31) ~ (133.297, 26)
(41, 31) ~ (134.297, 27)
(41, 30) ~ (134.711, 28)
(41, 29) ~ (135.711, 29)
(40, 29) ~ (136.125, 30)
(39, 29) ~ (137.125, 31)
(39, 28) ~ (137.539, 32)
(38, 29) ~ (138.125, 32)
(40, 27) ~ (138.953, 32)
(41, 27) ~ (139.953, 31)
(42, 27) ~ (140.953, 30)
(43, 27) ~ (141.953, 29)
(44, 27) ~ (142.953, 28)
(45, 27) ~ (143.953, 27)
(46, 27) ~ (144.953, 26)
(47, 27) ~ (145.953, 25)
(48, 27) ~ (146.953, 24)
(49, 28) ~ (148.368, 22)
(49, 29) ~ (149.368, 21)
(49, 30) ~ (150.368, 20)
(49, 31) ~ (151.368, 19)
(49, 27) ~ (147.953, 23)
(37, 30) ~ (139.539, 32)
(38, 31) ~ (140.953, 30)
(39, 31) ~ (141.953, 29)
(37, 31) ~ (140.539, 31)
(39, 27) ~ (138.539, 33)
(48, 31) ~ (151.782, 20)
(37, 29) ~ (139.125, 33)
(49, 26) ~ (148.368, 24)
(36, 31) ~ (140.953, 32)
(47, 31) ~ (152.782, 21)
(49, 25) ~ (149.368, 25)
(35, 31) ~ (141.953, 33)
(46, 31) ~ (153.782, 22)
(48, 25) ~ (149.782, 26)
(35, 30) ~ (142.368, 34)
(45, 32) ~ (155.196, 22)
(45, 33) ~ (156.196, 21)
(45, 34) ~ (157.196, 20)
(45, 35) ~ (158.196, 19)
(45, 31) ~ (154.782, 23)
(47, 25) ~ (150.782, 27)
(35, 29) ~ (143.368, 35)
(44, 35) ~ (158.61, 20)
(45, 30) ~ (155.196, 24)
(47, 24) ~ (151.196, 28)
(34, 29) ~ (143.782, 36)
(43, 35) ~ (159.61, 21)
(46, 29) ~ (156.61, 24)
(47, 29) ~ (157.61, 23)
(45, 29) ~ (156.196, 25)
(47, 23) ~ (152.196, 29)
(33, 29) ~ (144.782, 37)
(42, 35) ~ (160.61, 22)
(44, 29) ~ (156.61, 26)
(47, 22) ~ (153.196, 30)
(32, 29) ~ (145.782, 38)
(41, 35) ~ (161.61, 23)
(43, 29) ~ (157.61, 27)
(47, 21) ~ (154.196, 31)
(31, 29) ~ (146.782, 39)
(40, 35) ~ (162.61, 24)
(47, 20) ~ (155.196, 32)
(31, 28) ~ (147.196, 40)
(39, 35) ~ (163.61, 25)
(32, 27) ~ (148.61, 40)
(33, 27) ~ (149.61, 39)
(47, 19) ~ (156.196, 33)
(31, 27) ~ (148.196, 41)
(38, 35) ~ (164.61, 26)
(47, 18) ~ (157.196, 34)
(37, 36) ~ (166.024, 26)
(37, 37) ~ (167.024, 25)
(37, 35) ~ (165.61, 27)
(47, 17) ~ (158.196, 35)
(36, 37) ~ (167.439, 26)
(46, 17) ~ (158.61, 36)
(35, 37) ~ (168.439, 27)
(45, 18) ~ (160.024, 36)
(45, 19) ~ (161.024, 35)
(45, 20) ~ (162.024, 34)
(45, 21) ~ (163.024, 33)
(45, 17) ~ (159.61, 37)
(35, 36) ~ (168.853, 28)
(44, 17) ~ (160.61, 38)
(35, 35) ~ (169.853, 29)
(34, 35) ~ (170.267, 30)
(43, 17) ~ (161.61, 39)
(43, 16) ~ (162.024, 40)
(33, 35) ~ (171.267, 31)
(43, 15) ~ (163.024, 41)
(32, 35) ~ (172.267, 32)
(31, 36) ~ (173.681, 32)
(31, 37) ~ (174.681, 31)
(31, 38) ~ (175.681, 30)
(31, 39) ~ (176.681, 29)
(31, 40) ~ (177.681, 28)
(32, 41) ~ (179.096, 26)
(33, 41) ~ (180.096, 25)
(34, 41) ~ (181.096, 24)
(35, 41) ~ (182.096, 23)
(31, 41) ~ (178.681, 27)
(43, 14) ~ (164.024, 42)
(31, 35) ~ (173.267, 33)
(35, 40) ~ (182.51, 24)
(44, 13) ~ (165.439, 42)
(45, 14) ~ (166.853, 40)
(46, 15) ~ (168.267, 38)
(47, 15) ~ (169.267, 37)
(48, 15) ~ (170.267, 36)
(49, 16) ~ (171.681, 34)
(49, 17) ~ (172.681, 33)
(49, 18) ~ (173.681, 32)
(49, 19) ~ (174.681, 31)
(49, 20) ~ (175.681, 30)
(49, 21) ~ (176.681, 29)
(49, 22) ~ (177.681, 28)
(49, 23) ~ (178.681, 27)
(49, 15) ~ (171.267, 35)
(45, 15) ~ (167.853, 39)
(45, 13) ~ (166.439, 41)
(49, 14) ~ (171.681, 36)
(36, 39) ~ (183.924, 24)
(37, 40) ~ (185.338, 22)
(38, 41) ~ (186.752, 20)
(39, 41) ~ (187.752, 19)
(37, 41) ~ (186.338, 21)
(37, 39) ~ (184.924, 23)
(43, 13) ~ (165.024, 43)
(39, 40) ~ (188.167, 20)
(35, 39) ~ (183.51, 25)
(40, 39) ~ (189.581, 20)
(41, 40) ~ (190.995, 18)
(41, 41) ~ (191.995, 17)
(41, 42) ~ (192.995, 16)
(41, 43) ~ (193.995, 15)
(41, 39) ~ (190.581, 19)
(49, 13) ~ (172.681, 37)
(34, 39) ~ (183.924, 26)
(39, 39) ~ (189.167, 21)
(40, 43) ~ (194.409, 16)
(49, 12) ~ (173.681, 38)
(33, 39) ~ (184.924, 27)
(39, 43) ~ (195.409, 17)
(33, 38) ~ (185.338, 28)
(49, 11) ~ (174.681, 39)
(38, 43) ~ (196.409, 18)
(33, 37) ~ (186.338, 29)
(49, 10) ~ (175.681, 40)
(37, 44) ~ (197.823, 18)
(37, 45) ~ (198.823, 17)
(37, 46) ~ (199.823, 16)
(37, 47) ~ (200.823, 15)
(37, 43) ~ (197.409, 19)
(36, 47) ~ (201.238, 16)
(49, 9) ~ (176.681, 41)
(48, 9) ~ (177.096, 42)
(35, 47) ~ (202.238, 17)
(47, 10) ~ (178.51, 42)
(47, 11) ~ (179.51, 41)
(47, 12) ~ (180.51, 40)
(47, 13) ~ (181.51, 39)
(47, 9) ~ (178.096, 43)
(34, 47) ~ (203.238, 18)
(46, 11) ~ (179.924, 42)
(33, 47) ~ (204.238, 19)
(45, 11) ~ (180.924, 43)
(33, 46) ~ (204.652, 20)
(44, 11) ~ (181.924, 44)
(34, 45) ~ (206.066, 20)
(35, 45) ~ (207.066, 19)
(33, 45) ~ (205.652, 21)
(35, 44) ~ (207.48, 20)
(43, 11) ~ (182.924, 45)
(35, 43) ~ (208.48, 21)
(42, 11) ~ (183.924, 46)
(34, 43) ~ (208.895, 22)
(41, 11) ~ (184.924, 47)
(33, 43) ~ (209.895, 23)
(40, 11) ~ (185.924, 48)
(32, 43) ~ (210.895, 24)
(39, 12) ~ (187.338, 48)
(40, 13) ~ (188.752, 46)
(41, 14) ~ (190.167, 44)
(41, 15) ~ (191.167, 43)
(41, 16) ~ (192.167, 42)
(41, 17) ~ (193.167, 41)
(41, 13) ~ (189.752, 45)
(39, 13) ~ (188.338, 47)
(39, 11) ~ (186.924, 49)
(38, 13) ~ (188.752, 48)
(31, 43) ~ (211.895, 25)
(37, 13) ~ (189.752, 49)
(30, 43) ~ (212.895, 26)
(29, 44) ~ (214.309, 26)
(29, 45) ~ (215.309, 25)
(29, 46) ~ (216.309, 24)
(30, 47) ~ (217.723, 22)
(31, 48) ~ (219.137, 20)
(32, 49) ~ (220.551, 18)
(33, 49) ~ (221.551, 17)
(34, 49) ~ (222.551, 16)
(35, 49) ~ (223.551, 15)
(36, 49) ~ (224.551, 14)
(37, 49) ~ (225.551, 13)
(38, 49) ~ (226.551, 12)
(39, 49) ~ (227.551, 11)
(40, 49) ~ (228.551, 10)
(41, 49) ~ (229.551, 9)
(31, 49) ~ (220.137, 19)
(31, 47) ~ (218.723, 21)
(41, 48) ~ (229.966, 10)
(29, 47) ~ (217.309, 23)
(30, 49) ~ (220.551, 20)
(36, 13) ~ (190.752, 50)
(29, 43) ~ (213.895, 27)
(31, 46) ~ (219.137, 22)
(42, 47) ~ (231.38, 10)
(43, 47) ~ (232.38, 9)
(41, 47) ~ (230.966, 11)
(29, 49) ~ (221.551, 21)
(35, 13) ~ (191.752, 51)
(43, 46) ~ (232.794, 10)
(31, 45) ~ (220.137, 23)
(28, 49) ~ (222.551, 22)
(34, 13) ~ (192.752, 52)
(43, 45) ~ (233.794, 11)
(42, 45) ~ (234.208, 12)
(27, 49) ~ (223.551, 23)
(33, 13) ~ (193.752, 53)
(43, 44) ~ (234.794, 12)
(27, 48) ~ (223.966, 24)
(44, 43) ~ (236.208, 12)
(45, 43) ~ (237.208, 11)
(41, 45) ~ (235.208, 13)
(32, 13) ~ (194.752, 54)
(43, 43) ~ (235.794, 13)
(45, 42) ~ (237.622, 12)
(27, 47) ~ (224.966, 25)
(40, 45) ~ (236.208, 14)
(31, 13) ~ (195.752, 55)
(26, 47) ~ (225.38, 26)
(45, 41) ~ (238.622, 13)
(39, 46) ~ (237.622, 14)
(39, 47) ~ (238.622, 13)
(39, 45) ~ (237.208, 15)
(30, 13) ~ (196.752, 56)
(25, 47) ~ (226.38, 27)
(45, 40) ~ (239.622, 14)
(29, 13) ~ (197.752, 57)
(24, 47) ~ (227.38, 28)
(45, 39) ~ (240.622, 15)
(29, 12) ~ (198.167, 58)
(44, 39) ~ (241.037, 16)
(23, 47) ~ (228.38, 29)
(29, 11) ~ (199.167, 59)
(43, 40) ~ (242.451, 16)
(43, 41) ~ (243.451, 15)
(23, 46) ~ (228.794, 30)
(43, 39) ~ (242.037, 17)
(29, 10) ~ (200.167, 60)
(43, 38) ~ (242.451, 18)
(23, 45) ~ (229.794, 31)
(30, 9) ~ (201.581, 60)
(31, 9) ~ (202.581, 59)
(32, 9) ~ (203.581, 58)
(33, 9) ~ (204.581, 57)
(44, 37) ~ (243.865, 18)
(45, 37) ~ (244.865, 17)
(46, 37) ~ (245.865, 16)
(47, 38) ~ (247.279, 14)
(48, 39) ~ (248.694, 12)
(49, 40) ~ (250.108, 10)
(49, 41) ~ (251.108, 9)
(49, 39) ~ (249.694, 11)
(47, 39) ~ (248.279, 13)
(48, 41) ~ (251.522, 10)
(47, 37) ~ (246.865, 15)
(49, 38) ~ (250.108, 12)
(29, 9) ~ (201.167, 61)
(43, 37) ~ (243.451, 19)
(23, 44) ~ (230.794, 32)
(47, 42) ~ (252.936, 10)
(47, 43) ~ (253.936, 9)
(47, 44) ~ (254.936, 8)
(48, 45) ~ (256.35, 6)
(49, 46) ~ (257.765, 4)
(49, 47) ~ (258.765, 3)
(49, 45) ~ (257.35, 5)
(47, 45) ~ (255.936, 7)
(47, 46) ~ (256.936, 6)
(47, 47) ~ (257.936, 5)
(33, 8) ~ (204.995, 58)
(47, 41) ~ (252.522, 11)
(49, 44) ~ (257.765, 6)
(42, 37) ~ (243.865, 20)
(49, 37) ~ (251.108, 13)
(46, 47) ~ (258.35, 6)
(34, 7) ~ (206.409, 58)
(35, 8) ~ (207.823, 56)
(36, 9) ~ (209.238, 54)
(37, 10) ~ (210.652, 52)
(37, 11) ~ (211.652, 51)
(37, 9) ~ (210.238, 53)
(35, 9) ~ (208.823, 55)
(36, 11) ~ (212.066, 52)
(35, 7) ~ (207.409, 57)
(37, 8) ~ (210.652, 54)
(23, 43) ~ (231.794, 33)
(33, 7) ~ (205.995, 59)
(49, 43) ~ (258.765, 7)
(45, 48) ~ (259.765, 6)
(46, 49) ~ (261.179, 4)
(47, 49) ~ (262.179, 3)
(48, 49) ~ (263.179, 2)
(49, 49) ~ (264.179, 1)
(50, 49) ~ (265.179, 0)
(1, 0) ~ (0, 98)
(2, 1) ~ (1.41421, 96)
(3, 2) ~ (2.82843, 94)
(3, 1) ~ (2.41421, 95)
(4, 1) ~ (3.41421, 94)
(5, 2) ~ (4.82843, 92)
(5, 3) ~ (5.82843, 91)
(5, 4) ~ (6.82843, 90)
(6, 5) ~ (8.24264, 88)
(7, 5) ~ (9.24264, 87)
(5, 5) ~ (7.82843, 89)
(5, 1) ~ (4.41421, 93)
(7, 4) ~ (9.65685, 88)
(1, 1) ~ (1, 97)
(1, 2) ~ (2, 96)
(1, 3) ~ (3, 95)
(1, 4) ~ (4, 94)
(2, 5) ~ (5.41421, 92)
(3, 6) ~ (6.82843, 90)
(3, 7) ~ (7.82843, 89)
(3, 8) ~ (8.82843, 88)
(4, 9) ~ (10.2426, 86)
(5, 9) ~ (11.2426, 85)
(3, 9) ~ (9.82843, 87)
(3, 5) ~ (6.41421, 91)
(5, 8) ~ (11.6569, 86)
(1, 5) ~ (5, 93)
(2, 7) ~ (8.24264, 90)
(3, 4) ~ (6.82843, 92)
(6, 7) ~ (13.0711, 86)
(7, 8) ~ (14.4853, 84)
(8, 9) ~ (15.8995, 82)
(9, 9) ~ (16.8995, 81)
(7, 9) ~ (15.4853, 83)
(7, 7) ~ (14.0711, 85)
(9, 8) ~ (17.3137, 82)
(5, 7) ~ (12.6569, 87)
(7, 3) ~ (10.6569, 89)
(1, 8) ~ (9.65685, 90)
(1, 9) ~ (10.6569, 89)
(1, 10) ~ (11.6569, 88)
(2, 11) ~ (13.0711, 86)
(3, 12) ~ (14.4853, 84)
(3, 13) ~ (15.4853, 83)
(3, 14) ~ (16.4853, 82)
(4, 15) ~ (17.8995, 80)
(5, 15) ~ (18.8995, 79)
(6, 15) ~ (19.8995, 78)
(7, 15) ~ (20.8995, 77)
(3, 15) ~ (17.4853, 81)
(3, 11) ~ (14.0711, 85)
(7, 14) ~ (21.3137, 78)
(1, 11) ~ (12.6569, 87)
(1, 12) ~ (13.6569, 86)
(1, 13) ~ (14.6569, 85)
(1, 14) ~ (15.6569, 84)
(1, 15) ~ (16.6569, 83)
(1, 16) ~ (17.6569, 82)
(1, 17) ~ (18.6569, 81)
(1, 18) ~ (19.6569, 80)
(1, 19) ~ (20.6569, 79)
(1, 20) ~ (21.6569, 78)
(1, 21) ~ (22.6569, 77)
(1, 22) ~ (23.6569, 76)
(1, 23) ~ (24.6569, 75)
(1, 7) ~ (9.24264, 91)
(7, 13) ~ (22.3137, 79)
(9, 7) ~ (18.3137, 83)
(7, 2) ~ (11.6569, 90)
(6, 13) ~ (22.7279, 80)
(8, 1) ~ (13.0711, 90)
(9, 1) ~ (14.0711, 89)
(10, 1) ~ (15.0711, 88)
(11, 1) ~ (16.0711, 87)
(12, 1) ~ (17.0711, 86)
(13, 1) ~ (18.0711, 85)
(14, 1) ~ (19.0711, 84)
(15, 2) ~ (20.4853, 82)
(15, 3) ~ (21.4853, 81)
(15, 4) ~ (22.4853, 80)
(16, 5) ~ (23.8995, 78)
(17, 6) ~ (25.3137, 76)
(18, 7) ~ (26.7279, 74)
(19, 7) ~ (27.7279, 73)
(17, 7) ~ (26.3137, 75)
(17, 8) ~ (27.3137, 74)
(17, 9) ~ (28.3137, 73)
(17, 5) ~ (24.8995, 77)
(19, 6) ~ (28.1421, 74)
(15, 5) ~ (23.4853, 79)
(16, 7) ~ (26.7279, 76)
(15, 1) ~ (20.0711, 83)
(17, 4) ~ (25.3137, 78)
(9, 6) ~ (19.3137, 84)
(20, 5) ~ (29.5563, 74)
(21, 5) ~ (30.5563, 73)
(22, 5) ~ (31.5563, 72)
(23, 5) ~ (32.5563, 71)
(7, 1) ~ (12.6569, 91)
(14, 5) ~ (23.8995, 80)
(19, 5) ~ (29.1421, 75)
(15, 7) ~ (27.7279, 77)
(5, 13) ~ (23.7279, 81)
(10, 5) ~ (20.7279, 84)
(11, 6) ~ (22.1421, 82)
(11, 7) ~ (23.1421, 81)
(11, 8) ~ (24.1421, 80)
(11, 9) ~ (25.1421, 79)
(11, 5) ~ (21.7279, 83)
(23, 4) ~ (32.9706, 72)
(17, 3) ~ (26.3137, 79)
(13, 6) ~ (25.3137, 80)
(13, 7) ~ (26.3137, 79)
(13, 8) ~ (27.3137, 78)
(14, 9) ~ (28.7279, 76)
(15, 10) ~ (30.1421, 74)
(16, 11) ~ (31.5563, 72)
(17, 11) ~ (32.5563, 71)
(18, 11) ~ (33.5563, 70)
(19, 11) ~ (34.5563, 69)
(15, 11) ~ (31.1421, 73)
(15, 12) ~ (32.1421, 72)
(15, 13) ~ (33.1421, 71)
(15, 14) ~ (34.1421, 70)
(16, 15) ~ (35.5564, 68)
(17, 15) ~ (36.5564, 67)
(18, 15) ~ (37.5564, 66)
(19, 15) ~ (38.5564, 65)
(20, 15) ~ (39.5564, 64)
(21, 15) ~ (40.5564, 63)
(22, 15) ~ (41.5564, 62)
(23, 16) ~ (42.9706, 60)
(24, 17) ~ (44.3848, 58)
(25, 17) ~ (45.3848, 57)
(26, 17) ~ (46.3848, 56)
(27, 18) ~ (47.799, 54)
(28, 19) ~ (49.2132, 52)
(29, 20) ~ (50.6274, 50)
(30, 21) ~ (52.0416, 48)
(31, 21) ~ (53.0416, 47)
(29, 21) ~ (51.6274, 49)
(29, 19) ~ (50.2132, 51)
(31, 20) ~ (53.4559, 48)
(27, 19) ~ (48.799, 53)
(28, 21) ~ (52.0416, 50)
(27, 17) ~ (47.3848, 55)
(32, 19) ~ (54.8701, 48)
(33, 19) ~ (55.8701, 47)
(34, 19) ~ (56.8701, 46)
(35, 19) ~ (57.8701, 45)
(36, 19) ~ (58.8701, 44)
(37, 20) ~ (60.2843, 42)
(37, 21) ~ (61.2843, 41)
(37, 19) ~ (59.8701, 43)
(23, 17) ~ (43.9706, 59)
(31, 19) ~ (54.4559, 49)
(23, 15) ~ (42.5564, 61)
(36, 21) ~ (61.6985, 42)
(25, 16) ~ (45.799, 58)
(27, 21) ~ (53.0416, 51)
(15, 15) ~ (35.1421, 69)
(37, 18) ~ (60.2843, 44)
(15, 9) ~ (29.7279, 75)
(19, 10) ~ (34.9706, 70)
(13, 9) ~ (28.3137, 77)
(9, 5) ~ (20.3137, 85)
(14, 13) ~ (33.5564, 72)
(35, 21) ~ (62.6985, 43)
(25, 15) ~ (46.799, 59)
(13, 5) ~ (24.8995, 81)
(26, 21) ~ (54.0416, 52)
(5, 12) ~ (24.1421, 82)
(11, 4) ~ (22.1421, 84)
(37, 17) ~ (61.2843, 45)
(20, 9) ~ (36.3848, 70)
(21, 9) ~ (37.3848, 69)
(19, 9) ~ (35.9706, 71)
(13, 14) ~ (34.9706, 72)
(13, 15) ~ (35.9706, 71)
(13, 16) ~ (36.9706, 70)
(13, 17) ~ (37.9706, 69)
(13, 18) ~ (38.9706, 68)
(13, 19) ~ (39.9706, 67)
(23, 3) ~ (33.9706, 73)
(17, 2) ~ (27.3137, 80)
(6, 11) ~ (25.5563, 82)
(7, 11) ~ (26.5563, 81)
(8, 11) ~ (27.5563, 80)
(9, 12) ~ (28.9706, 78)
(9, 13) ~ (29.9706, 77)
(9, 14) ~ (30.9706, 76)
(10, 15) ~ (32.3848, 74)
(11, 16) ~ (33.799, 72)
(11, 17) ~ (34.799, 71)
(11, 15) ~ (33.3848, 73)
(9, 15) ~ (31.9706, 75)
(9, 11) ~ (28.5563, 79)
(13, 13) ~ (34.5564, 73)
(12, 3) ~ (23.5563, 84)
(13, 3) ~ (24.5563, 83)
(34, 21) ~ (63.6985, 44)
(36, 17) ~ (61.6985, 46)
(11, 14) ~ (33.799, 74)
(25, 14) ~ (47.799, 60)
(21, 8) ~ (37.799, 70)
(25, 21) ~ (55.0416, 53)
(5, 11) ~ (25.1421, 83)
(11, 3) ~ (23.1421, 85)
(12, 19) ~ (40.3848, 68)
(22, 3) ~ (34.3848, 74)
(13, 12) ~ (34.9706, 74)
(33, 22) ~ (65.1127, 44)
(34, 23) ~ (66.5269, 42)
(35, 23) ~ (67.5269, 41)
(33, 23) ~ (66.1127, 43)
(22, 7) ~ (39.2132, 70)
(23, 7) ~ (40.2132, 69)
(24, 7) ~ (41.2132, 68)
(25, 7) ~ (42.2132, 67)
(17, 1) ~ (28.3137, 81)
(10, 3) ~ (23.5563, 86)
(33, 21) ~ (64.6985, 45)
(35, 17) ~ (62.6985, 47)
(11, 13) ~ (34.799, 75)
(25, 13) ~ (48.799, 61)
(11, 20) ~ (41.799, 68)
(11, 21) ~ (42.799, 67)
(11, 22) ~ (43.799, 66)
(12, 23) ~ (45.2132, 64)
(13, 24) ~ (46.6274, 62)
(13, 25) ~ (47.6274, 61)
(13, 23) ~ (46.2132, 63)
(11, 23) ~ (44.799, 65)
(21, 7) ~ (38.799, 71)
(24, 21) ~ (56.0416, 54)
(12, 25) ~ (48.0416, 62)
(11, 19) ~ (41.3848, 69)
(21, 3) ~ (35.3848, 75)
(25, 6) ~ (42.6274, 68)
(13, 11) ~ (35.9706, 75)
(24, 13) ~ (49.2132, 62)
(10, 23) ~ (45.2132, 66)
(23, 22) ~ (57.4559, 54)
(23, 23) ~ (58.4559, 53)
(9, 3) ~ (24.5563, 87)
(34, 17) ~ (63.6985, 48)
(11, 12) ~ (35.799, 76)
(23, 21) ~ (57.0416, 55)
(11, 25) ~ (49.0416, 63)
(26, 5) ~ (44.0416, 68)
(27, 5) ~ (45.0416, 67)
(28, 5) ~ (46.0416, 66)
(29, 6) ~ (47.4559, 64)
(29, 7) ~ (48.4559, 63)
(29, 5) ~ (47.0416, 65)
(12, 11) ~ (36.3848, 76)
(20, 3) ~ (36.3848, 76)
(25, 5) ~ (43.6274, 69)
(22, 23) ~ (58.8701, 54)
(28, 7) ~ (48.8701, 64)
(23, 13) ~ (50.2132, 63)
(9, 23) ~ (46.2132, 67)
(33, 17) ~ (64.6985, 49)
(11, 11) ~ (36.799, 77)
(10, 25) ~ (50.0416, 64)
(21, 24) ~ (60.2843, 54)
(22, 25) ~ (61.6985, 52)
(23, 26) ~ (63.1127, 50)
(24, 27) ~ (64.5269, 48)
(25, 28) ~ (65.9411, 46)
(25, 29) ~ (66.9411, 45)
(25, 27) ~ (65.5269, 47)
(23, 27) ~ (64.1127, 49)
(24, 29) ~ (67.3554, 46)
(23, 25) ~ (62.6985, 51)
(24, 25) ~ (63.6985, 50)
(25, 25) ~ (64.6985, 49)
(26, 25) ~ (65.6985, 48)
(27, 26) ~ (67.1127, 46)
(27, 27) ~ (68.1127, 45)
(27, 28) ~ (69.1127, 44)
(27, 29) ~ (70.1127, 43)
(27, 30) ~ (71.1127, 42)
(27, 31) ~ (72.1127, 41)
(27, 25) ~ (66.6985, 47)
(21, 25) ~ (61.2843, 53)
(27, 8) ~ (50.2843, 64)
(27, 9) ~ (51.2843, 63)
(19, 3) ~ (37.3848, 77)
(23, 12) ~ (50.6274, 64)
(21, 23) ~ (59.8701, 55)
(27, 7) ~ (49.8701, 65)
(27, 24) ~ (67.1127, 48)
(23, 29) ~ (68.3554, 47)
(32, 17) ~ (65.6985, 50)
(20, 25) ~ (61.6985, 54)
(26, 9) ~ (51.6985, 64)
(19, 2) ~ (37.799, 78)
(9, 25) ~ (51.0416, 65)
(23, 11) ~ (51.6274, 65)
(27, 23) ~ (68.1127, 49)
(19, 26) ~ (63.1127, 54)
(20, 27) ~ (64.5269, 52)
(21, 28) ~ (65.9411, 50)
(22, 29) ~ (67.3554, 48)
(21, 29) ~ (66.9411, 49)
(21, 30) ~ (67.9411, 48)
(21, 31) ~ (68.9411, 47)
(21, 32) ~ (69.9411, 46)
(21, 33) ~ (70.9411, 45)
(21, 34) ~ (71.9411, 44)
(21, 35) ~ (72.9411, 43)
(21, 27) ~ (65.5269, 51)
(19, 27) ~ (64.1127, 53)
(25, 10) ~ (53.1127, 64)
(26, 11) ~ (54.5269, 62)
(27, 12) ~ (55.9411, 60)
(27, 13) ~ (56.9411, 59)
(27, 14) ~ (57.9411, 58)
(28, 15) ~ (59.3554, 56)
(29, 15) ~ (60.3554, 55)
(30, 15) ~ (61.3554, 54)
(31, 15) ~ (62.3554, 53)
(32, 15) ~ (63.3554, 52)
(33, 15) ~ (64.3554, 51)
(34, 15) ~ (65.3554, 50)
(35, 15) ~ (66.3554, 49)
(36, 15) ~ (67.3554, 48)
(37, 15) ~ (68.3554, 47)
(38, 15) ~ (69.3554, 46)
(39, 16) ~ (70.7696, 44)
(39, 17) ~ (71.7696, 43)
(39, 18) ~ (72.7696, 42)
(39, 19) ~ (73.7696, 41)
(39, 20) ~ (74.7696, 40)
(40, 21) ~ (76.1838, 38)
(41, 21) ~ (77.1838, 37)
(39, 21) ~ (75.7696, 39)
(39, 15) ~ (70.3554, 45)
(41, 20) ~ (77.598, 38)
(27, 15) ~ (58.9411, 57)
(27, 11) ~ (55.5269, 61)
(42, 19) ~ (79.0122, 38)
(43, 20) ~ (80.4264, 36)
(43, 21) ~ (81.4264, 35)
(43, 22) ~ (82.4264, 34)
(44, 23) ~ (83.8407, 32)
(45, 24) ~ (85.2549, 30)
(45, 25) ~ (86.2549, 29)
(45, 23) ~ (84.8407, 31)
(43, 23) ~ (83.4264, 33)
(44, 25) ~ (86.6691, 30)
(43, 19) ~ (80.0122, 37)
(25, 11) ~ (54.1127, 63)
(20, 1) ~ (39.2132, 78)
(21, 1) ~ (40.2132, 77)
(22, 1) ~ (41.2132, 76)
(23, 1) ~ (42.2132, 75)
(24, 1) ~ (43.2132, 74)
(25, 2) ~ (44.6274, 72)
(26, 3) ~ (46.0416, 70)
(27, 3) ~ (47.0416, 69)
(25, 3) ~ (45.6274, 71)
(25, 1) ~ (44.2132, 73)
(20, 29) ~ (67.3554, 50)
(27, 2) ~ (47.4559, 70)
(41, 19) ~ (78.598, 39)
(31, 17) ~ (66.6985, 51)
(19, 25) ~ (62.6985, 55)
(25, 9) ~ (52.6985, 65)
(19, 1) ~ (38.799, 79)
(8, 25) ~ (52.0416, 66)
(22, 11) ~ (52.0416, 66)
(26, 23) ~ (68.5269, 50)
(23, 10) ~ (52.6274, 66)
(43, 25) ~ (87.6691, 31)
(28, 1) ~ (48.8701, 70)
(29, 2) ~ (50.2843, 68)
(30, 3) ~ (51.6985, 66)
(31, 4) ~ (53.1127, 64)
(32, 5) ~ (54.5269, 62)
(33, 5) ~ (55.5269, 61)
(34, 5) ~ (56.5269, 60)
(35, 5) ~ (57.5269, 59)
(31, 5) ~ (54.1127, 63)
(31, 6) ~ (55.1127, 62)
(31, 7) ~ (56.1127, 61)
(31, 3) ~ (52.6985, 65)
(35, 4) ~ (57.9411, 60)
(29, 3) ~ (51.2843, 67)
(29, 1) ~ (49.8701, 69)
(30, 1) ~ (50.8701, 68)
(31, 1) ~ (51.8701, 67)
(32, 1) ~ (52.8701, 66)
(33, 2) ~ (54.2843, 64)
(33, 3) ~ (55.2843, 63)
(33, 1) ~ (53.8701, 65)
(19, 24) ~ (63.1127, 56)
(19, 29) ~ (68.3554, 51)
(21, 12) ~ (53.4559, 66)
(21, 13) ~ (54.4559, 65)
(27, 1) ~ (48.4559, 71)
(30, 17) ~ (67.6985, 52)
(35, 3) ~ (58.9411, 61)
(7, 25) ~ (53.0416, 67)
(21, 11) ~ (53.0416, 67)
(25, 23) ~ (69.5269, 51)
(23, 9) ~ (53.6274, 67)
(42, 25) ~ (88.6691, 32)
(20, 13) ~ (54.8701, 66)
(19, 23) ~ (64.1127, 57)
(7, 24) ~ (53.4559, 68)
(29, 17) ~ (68.6985, 53)
(35, 2) ~ (59.9411, 62)
(6, 25) ~ (54.0416, 68)
(41, 25) ~ (89.6691, 33)
(19, 13) ~ (55.8701, 67)
(19, 22) ~ (65.1127, 58)
(36, 1) ~ (61.3554, 62)
(37, 2) ~ (62.7696, 60)
(37, 3) ~ (63.7696, 59)
(37, 4) ~ (64.7696, 58)
(38, 5) ~ (66.1838, 56)
(39, 5) ~ (67.1838, 55)
(37, 5) ~ (65.7696, 57)
(37, 1) ~ (62.3554, 61)
(7, 23) ~ (54.4559, 69)
(39, 4) ~ (67.598, 56)
(35, 1) ~ (60.9411, 63)
(5, 25) ~ (55.0416, 69)
(40, 25) ~ (90.6691, 34)
(18, 13) ~ (56.8701, 68)
(19, 21) ~ (66.1127, 59)
(7, 22) ~ (55.4559, 70)
(5, 24) ~ (55.4559, 70)
(39, 3) ~ (68.598, 57)
(39, 25) ~ (91.6691, 35)
(17, 13) ~ (57.8701, 69)
(8, 21) ~ (56.8701, 70)
(9, 21) ~ (57.8701, 69)
(19, 20) ~ (67.1127, 60)
(5, 23) ~ (56.4559, 71)
(7, 21) ~ (56.4559, 71)
(39, 2) ~ (69.598, 58)
(39, 24) ~ (92.0833, 36)
(9, 20) ~ (58.2843, 70)
(40, 1) ~ (71.0122, 58)
(41, 1) ~ (72.0122, 57)
(42, 1) ~ (73.0122, 56)
(43, 2) ~ (74.4264, 54)
(43, 3) ~ (75.4264, 53)
(43, 1) ~ (74.0122, 55)
(44, 1) ~ (75.0122, 54)
(45, 1) ~ (76.0122, 53)
(46, 1) ~ (77.0122, 52)
(47, 1) ~ (78.0122, 51)
(48, 1) ~ (79.0122, 50)
(49, 2) ~ (80.4264, 48)
(49, 3) ~ (81.4264, 47)
(49, 1) ~ (80.0122, 49)
(19, 19) ~ (68.1127, 61)
(5, 22) ~ (57.4559, 72)
(40, 23) ~ (93.4975, 36)
(41, 23) ~ (94.4975, 35)
(39, 1) ~ (70.598, 59)
(48, 3) ~ (81.8407, 48)
(42, 3) ~ (75.8407, 54)
(39, 23) ~ (93.0833, 37)
(9, 19) ~ (59.2843, 71)
(19, 18) ~ (69.1127, 62)
(47, 4) ~ (83.2549, 48)
(48, 5) ~ (84.6691, 46)
(49, 6) ~ (86.0833, 44)
(49, 7) ~ (87.0833, 43)
(49, 5) ~ (85.6691, 45)
(47, 5) ~ (84.2549, 47)
(41, 4) ~ (77.2549, 54)
(41, 5) ~ (78.2549, 53)
(41, 6) ~ (79.2549, 52)
(41, 7) ~ (80.2549, 51)
(41, 8) ~ (81.2549, 50)
(41, 9) ~ (82.2549, 49)
(5, 21) ~ (58.4559, 73)
(38, 23) ~ (93.4975, 38)
(48, 7) ~ (87.4975, 44)
(47, 3) ~ (82.8407, 49)
(41, 3) ~ (76.8407, 55)
(9, 18) ~ (60.2843, 72)
(20, 17) ~ (70.5269, 62)
(21, 18) ~ (71.9411, 60)
(22, 19) ~ (73.3554, 58)
(23, 19) ~ (74.3554, 57)
(24, 19) ~ (75.3554, 56)
(25, 19) ~ (76.3554, 55)
(21, 19) ~ (72.9411, 59)
(21, 20) ~ (73.9411, 58)
(21, 21) ~ (74.9411, 57)
(21, 17) ~ (71.5269, 61)
(40, 9) ~ (82.6691, 50)
(37, 24) ~ (94.9117, 38)
(37, 25) ~ (95.9117, 37)
(37, 26) ~ (96.9117, 36)
(37, 27) ~ (97.9117, 35)
(19, 17) ~ (70.1127, 63)
(5, 20) ~ (59.4559, 74)
(37, 23) ~ (94.4975, 39)
(47, 7) ~ (88.4975, 45)
(9, 17) ~ (61.2843, 73)
(36, 27) ~ (98.3259, 36)
(18, 17) ~ (70.5269, 64)
(39, 9) ~ (83.6691, 51)
(6, 19) ~ (60.8701, 74)
(7, 19) ~ (61.8701, 73)
(5, 19) ~ (60.4559, 75)
(46, 7) ~ (89.4975, 46)
(8, 17) ~ (61.6985, 74)
(17, 18) ~ (71.9411, 64)
(17, 19) ~ (72.9411, 63)
(39, 8) ~ (84.0833, 52)
(35, 27) ~ (99.3259, 37)
(17, 17) ~ (71.5269, 65)
(45, 8) ~ (90.9117, 46)
(45, 9) ~ (91.9117, 45)
(16, 19) ~ (73.3554, 64)
(45, 7) ~ (90.4975, 47)
(7, 17) ~ (62.6985, 75)
(35, 26) ~ (99.7402, 38)
(39, 7) ~ (85.0833, 53)
(44, 9) ~ (92.3259, 46)
(15, 20) ~ (74.7696, 64)
(16, 21) ~ (76.1838, 62)
(17, 22) ~ (77.598, 60)
(17, 23) ~ (78.598, 59)
(17, 21) ~ (77.1838, 61)
(15, 21) ~ (75.7696, 63)
(16, 23) ~ (79.0122, 60)
(15, 19) ~ (74.3554, 65)
(38, 7) ~ (85.4975, 54)
(6, 17) ~ (63.6985, 76)
(35, 25) ~ (100.74, 39)
(14, 21) ~ (76.1838, 64)
(43, 9) ~ (93.3259, 47)
(15, 18) ~ (74.7696, 66)
(37, 8) ~ (86.9117, 54)
(37, 9) ~ (87.9117, 53)
(37, 10) ~ (88.9117, 52)
(37, 11) ~ (89.9117, 51)
(15, 23) ~ (80.0122, 61)
(34, 25) ~ (101.154, 40)
(37, 7) ~ (86.4975, 55)
(5, 17) ~ (64.6985, 77)
(43, 8) ~ (93.7402, 48)
(13, 21) ~ (77.1838, 65)
(36, 11) ~ (90.3259, 52)
(36, 9) ~ (88.3259, 54)
(15, 17) ~ (75.7696, 67)
(33, 25) ~ (102.154, 41)
(4, 17) ~ (65.6985, 78)
(43, 7) ~ (94.7402, 49)
(35, 11) ~ (91.3259, 53)
(35, 9) ~ (89.3259, 55)
(3, 18) ~ (67.1127, 78)
(3, 19) ~ (68.1127, 77)
(3, 20) ~ (69.1127, 76)
(3, 21) ~ (70.1127, 75)
(3, 22) ~ (71.1127, 74)
(3, 23) ~ (72.1127, 73)
(3, 24) ~ (73.1127, 72)
(3, 25) ~ (74.1127, 71)
(3, 26) ~ (75.1127, 70)
(3, 27) ~ (76.1127, 69)
(3, 28) ~ (77.1127, 68)
(3, 29) ~ (78.1127, 67)
(3, 30) ~ (79.1127, 66)
(3, 31) ~ (80.1127, 65)
(32, 25) ~ (103.154, 42)
(3, 17) ~ (66.6985, 79)
(43, 6) ~ (95.7402, 50)
(35, 8) ~ (89.7402, 56)
(34, 11) ~ (92.3259, 54)
(2, 25) ~ (74.5269, 72)
(31, 25) ~ (104.154, 43)
(44, 5) ~ (97.1544, 50)
(45, 5) ~ (98.1544, 49)
(43, 5) ~ (96.7402, 51)
(35, 7) ~ (90.7402, 57)
(1, 26) ~ (75.9411, 72)
(1, 27) ~ (76.9411, 71)
(1, 28) ~ (77.9411, 70)
(1, 29) ~ (78.9411, 69)
(1, 30) ~ (79.9411, 68)
(1, 31) ~ (80.9411, 67)
(1, 32) ~ (81.9411, 66)
(1, 33) ~ (82.9411, 65)
(1, 34) ~ (83.9411, 64)
(2, 35) ~ (85.3554, 62)
(3, 35) ~ (86.3554, 61)
(1, 35) ~ (84.9411, 63)
(1, 36) ~ (85.9411, 62)
(2, 37) ~ (87.3554, 60)
(3, 38) ~ (88.7696, 58)
(3, 39) ~ (89.7696, 57)
(3, 37) ~ (88.3554, 59)
(1, 37) ~ (86.9411, 61)
(2, 39) ~ (90.1838, 58)
(33, 11) ~ (93.3259, 55)
(1, 25) ~ (75.5269, 73)
(31, 24) ~ (104.569, 44)
(45, 4) ~ (98.5686, 50)
(3, 34) ~ (86.7696, 62)
(34, 7) ~ (91.1544, 58)
(1, 40) ~ (91.598, 58)
(2, 41) ~ (93.0122, 56)
(3, 42) ~ (94.4264, 54)
(3, 43) ~ (95.4264, 53)
(3, 41) ~ (94.0122, 55)
(4, 41) ~ (95.0122, 54)
(5, 41) ~ (96.0122, 53)
(1, 41) ~ (92.598, 57)
(2, 43) ~ (95.8407, 54)
(1, 39) ~ (91.1838, 59)
(4, 33) ~ (88.1838, 62)
(5, 33) ~ (89.1838, 61)
(32, 11) ~ (94.3259, 56)
(5, 40) ~ (96.4264, 54)
(31, 23) ~ (105.569, 45)
(45, 3) ~ (99.5686, 51)
(33, 8) ~ (92.5686, 58)
(33, 9) ~ (93.5686, 57)
(3, 33) ~ (87.7696, 63)
(33, 7) ~ (92.1544, 59)
(1, 44) ~ (97.2549, 54)
(2, 45) ~ (98.6691, 52)
(3, 45) ~ (99.6691, 51)
(1, 45) ~ (98.2549, 53)
(1, 46) ~ (99.2549, 52)
(1, 47) ~ (100.255, 51)
(1, 48) ~ (101.255, 50)
(1, 49) ~ (102.255, 49)
(5, 32) ~ (89.598, 62)
(1, 43) ~ (96.8407, 55)
(30, 23) ~ (105.983, 46)
(32, 9) ~ (93.9828, 58)
(31, 11) ~ (95.3259, 57)
(5, 39) ~ (97.4264, 55)
(6, 31) ~ (91.0122, 62)
(7, 31) ~ (92.0122, 61)
(29, 24) ~ (107.397, 46)
(29, 25) ~ (108.397, 45)
(29, 26) ~ (109.397, 44)
(29, 27) ~ (110.397, 43)
(29, 28) ~ (111.397, 42)
(29, 29) ~ (112.397, 41)
(29, 30) ~ (113.397, 40)
(29, 31) ~ (114.397, 39)
(29, 32) ~ (115.397, 38)
(30, 33) ~ (116.811, 36)
(31, 33) ~ (117.811, 35)
(29, 33) ~ (116.397, 37)
(5, 31) ~ (90.598, 63)
(29, 23) ~ (106.983, 47)
(31, 9) ~ (94.9828, 59)
(31, 32) ~ (118.225, 36)
(5, 38) ~ (98.4264, 56)
(7, 30) ~ (92.4264, 62)
(5, 30) ~ (91.598, 64)
(32, 31) ~ (119.64, 36)
(33, 32) ~ (121.054, 34)
(34, 33) ~ (122.468, 32)
(35, 33) ~ (123.468, 31)
(36, 33) ~ (124.468, 30)
(37, 33) ~ (125.468, 29)
(38, 33) ~ (126.468, 28)
(39, 33) ~ (127.468, 27)
(40, 33) ~ (128.468, 26)
(41, 33) ~ (129.468, 25)
(42, 33) ~ (130.468, 24)
(43, 33) ~ (131.468, 23)
(33, 33) ~ (122.054, 33)
(33, 31) ~ (120.64, 35)
(8, 29) ~ (93.8407, 62)
(9, 29) ~ (94.8407, 61)
(43, 32) ~ (131.882, 24)
(30, 9) ~ (95.9828, 60)
(31, 31) ~ (119.225, 37)
(5, 37) ~ (99.4264, 57)
(7, 29) ~ (93.4264, 63)
(29, 10) ~ (97.397, 60)
(29, 11) ~ (98.397, 59)
(29, 12) ~ (99.397, 58)
(30, 13) ~ (100.811, 56)
(31, 13) ~ (101.811, 55)
(32, 13) ~ (102.811, 54)
(33, 13) ~ (103.811, 53)
(34, 13) ~ (104.811, 52)
(35, 13) ~ (105.811, 51)
(36, 13) ~ (106.811, 50)
(37, 13) ~ (107.811, 49)
(38, 13) ~ (108.811, 48)
(39, 13) ~ (109.811, 47)
(40, 13) ~ (110.811, 46)
(41, 14) ~ (112.225, 44)
(41, 15) ~ (113.225, 43)
(41, 16) ~ (114.225, 42)
(41, 17) ~ (115.225, 41)
(41, 13) ~ (111.811, 45)
(29, 13) ~ (100.397, 57)
(5, 29) ~ (92.598, 65)
(43, 31) ~ (132.882, 25)
(29, 9) ~ (96.9828, 61)
(39, 12) ~ (110.225, 48)
(5, 36) ~ (100.426, 58)
(42, 31) ~ (133.297, 26)
(5, 28) ~ (93.598, 66)
(40, 11) ~ (111.64, 48)
(41, 11) ~ (112.64, 47)
(42, 11) ~ (113.64, 46)
(43, 11) ~ (114.64, 45)
(44, 11) ~ (115.64, 44)
(45, 11) ~ (116.64, 43)
(46, 11) ~ (117.64, 42)
(47, 12) ~ (119.054, 40)
(47, 13) ~ (120.054, 39)
(47, 11) ~ (118.64, 41)
(39, 11) ~ (111.225, 49)
(5, 35) ~ (101.426, 59)
(6, 27) ~ (95.0122, 66)
(7, 27) ~ (96.0122, 65)
(8, 27) ~ (97.0122, 64)
(9, 27) ~ (98.0122, 63)
(10, 27) ~ (99.0122, 62)
(11, 28) ~ (100.426, 60)
(11, 29) ~ (101.426, 59)
(11, 30) ~ (102.426, 58)
(11, 31) ~ (103.426, 57)
(11, 27) ~ (100.012, 61)
(47, 10) ~ (119.054, 42)
(41, 31) ~ (134.297, 27)
(5, 27) ~ (94.598, 67)
(10, 31) ~ (103.841, 58)
(48, 9) ~ (120.468, 42)
(49, 10) ~ (121.882, 40)
(49, 11) ~ (122.882, 39)
(49, 12) ~ (123.882, 38)
(49, 13) ~ (124.882, 37)
(49, 14) ~ (125.882, 36)
(49, 15) ~ (126.882, 35)
(49, 16) ~ (127.882, 34)
(49, 17) ~ (128.882, 33)
(49, 18) ~ (129.882, 32)
(49, 19) ~ (130.882, 31)
(49, 20) ~ (131.882, 30)
(49, 21) ~ (132.882, 29)
(49, 22) ~ (133.882, 28)
(49, 23) ~ (134.882, 27)
(49, 9) ~ (121.468, 41)
(41, 30) ~ (134.711, 28)
(47, 9) ~ (120.054, 43)
(9, 32) ~ (105.255, 58)
(9, 33) ~ (106.255, 57)
(9, 34) ~ (107.255, 56)
(9, 35) ~ (108.255, 55)
(9, 36) ~ (109.255, 54)
(9, 37) ~ (110.255, 53)
(48, 15) ~ (127.297, 36)
(9, 31) ~ (104.841, 59)
(8, 33) ~ (106.669, 58)
(41, 29) ~ (135.711, 29)
(47, 15) ~ (128.297, 37)
(7, 34) ~ (108.083, 58)
(7, 35) ~ (109.083, 57)
(7, 36) ~ (110.083, 56)
(7, 37) ~ (111.083, 55)
(7, 38) ~ (112.083, 54)
(8, 39) ~ (113.498, 52)
(9, 40) ~ (114.912, 50)
(9, 41) ~ (115.912, 49)
(9, 39) ~ (114.498, 51)
(10, 39) ~ (115.498, 50)
(11, 39) ~ (116.498, 49)
(12, 39) ~ (117.498, 48)
(13, 39) ~ (118.498, 47)
(14, 39) ~ (119.498, 46)
(15, 39) ~ (120.498, 45)
(7, 39) ~ (113.083, 53)
(40, 29) ~ (136.125, 30)
(8, 41) ~ (116.326, 50)
(7, 33) ~ (107.669, 59)
(46, 15) ~ (129.297, 38)
(7, 42) ~ (117.74, 50)
(7, 43) ~ (118.74, 49)
(39, 29) ~ (137.125, 31)
(7, 41) ~ (117.326, 51)
(6, 43) ~ (119.154, 50)
(45, 15) ~ (130.297, 39)
(39, 28) ~ (137.539, 32)
(38, 29) ~ (138.125, 32)
(5, 44) ~ (120.569, 50)
(5, 45) ~ (121.569, 49)
(5, 46) ~ (122.569, 48)
(5, 47) ~ (123.569, 47)
(45, 14) ~ (130.711, 40)
(40, 27) ~ (138.953, 32)
(41, 27) ~ (139.953, 31)
(42, 27) ~ (140.953, 30)
(43, 27) ~ (141.953, 29)
(44, 27) ~ (142.953, 28)
(45, 27) ~ (143.953, 27)
(46, 27) ~ (144.953, 26)
(47, 27) ~ (145.953, 25)
(48, 27) ~ (146.953, 24)
(49, 28) ~ (148.368, 22)
(49, 29) ~ (149.368, 21)
(49, 30) ~ (150.368, 20)
(49, 31) ~ (151.368, 19)
(49, 27) ~ (147.953, 23)
(5, 43) ~ (120.154, 51)
(37, 30) ~ (139.539, 32)
(38, 31) ~ (140.953, 30)
(39, 31) ~ (141.953, 29)
(37, 31) ~ (140.539, 31)
(39, 27) ~ (138.539, 33)
(48, 31) ~ (151.782, 20)
(4, 47) ~ (123.983, 48)
(37, 29) ~ (139.125, 33)
(49, 26) ~ (148.368, 24)
(45, 13) ~ (131.711, 41)
(36, 31) ~ (140.953, 32)
(3, 48) ~ (125.397, 48)
(4, 49) ~ (126.811, 46)
(5, 49) ~ (127.811, 45)
(6, 49) ~ (128.811, 44)
(7, 49) ~ (129.811, 43)
(8, 49) ~ (130.811, 42)
(9, 49) ~ (131.811, 41)
(10, 49) ~ (132.811, 40)
(11, 49) ~ (133.811, 39)
(12, 49) ~ (134.811, 38)
(13, 49) ~ (135.811, 37)
(14, 49) ~ (136.811, 36)
(15, 49) ~ (137.811, 35)
(3, 49) ~ (126.397, 47)
(47, 31) ~ (152.782, 21)
(3, 47) ~ (124.983, 49)
(44, 13) ~ (132.125, 42)
(15, 48) ~ (138.225, 36)
(9, 48) ~ (132.225, 42)
(49, 25) ~ (149.368, 25)
(35, 31) ~ (141.953, 33)
(43, 14) ~ (133.539, 42)
(43, 15) ~ (134.539, 41)
(43, 16) ~ (135.539, 40)
(44, 17) ~ (136.953, 38)
(45, 18) ~ (138.368, 36)
(45, 19) ~ (139.368, 35)
(45, 20) ~ (140.368, 34)
(45, 21) ~ (141.368, 33)
(45, 17) ~ (137.953, 37)
(46, 17) ~ (138.953, 36)
(47, 18) ~ (140.368, 34)
(47, 19) ~ (141.368, 33)
(47, 20) ~ (142.368, 32)
(47, 21) ~ (143.368, 31)
(47, 22) ~ (144.368, 30)
(47, 23) ~ (145.368, 29)
(47, 24) ~ (146.368, 28)
(48, 25) ~ (147.782, 26)
(47, 25) ~ (147.368, 27)
(47, 17) ~ (139.953, 35)
(43, 17) ~ (136.539, 39)
(46, 31) ~ (153.782, 22)
(43, 13) ~ (133.125, 43)
(15, 47) ~ (139.225, 37)
(9, 47) ~ (133.225, 43)
(35, 30) ~ (142.368, 34)
(45, 32) ~ (155.196, 22)
(45, 33) ~ (156.196, 21)
(45, 34) ~ (157.196, 20)
(45, 35) ~ (158.196, 19)
(8, 47) ~ (133.64, 44)
(45, 31) ~ (154.782, 23)
(15, 46) ~ (140.225, 38)
(35, 29) ~ (143.368, 35)
(44, 35) ~ (158.61, 20)
(45, 30) ~ (155.196, 24)
(16, 45) ~ (141.64, 38)
(17, 45) ~ (142.64, 37)
(7, 47) ~ (134.64, 45)
(34, 29) ~ (143.782, 36)
(15, 45) ~ (141.225, 39)
(43, 35) ~ (159.61, 21)
(46, 29) ~ (156.61, 24)
(47, 29) ~ (157.61, 23)
(17, 44) ~ (143.054, 38)
(7, 46) ~ (135.054, 46)
(45, 29) ~ (156.196, 25)
(14, 45) ~ (141.64, 40)
(33, 29) ~ (144.782, 37)
(18, 43) ~ (144.468, 38)
(19, 44) ~ (145.882, 36)
(20, 45) ~ (147.297, 34)
(21, 46) ~ (148.711, 32)
(21, 47) ~ (149.711, 31)
(21, 45) ~ (148.297, 33)
(19, 45) ~ (146.882, 35)
(20, 47) ~ (150.125, 32)
(19, 43) ~ (145.468, 37)
(8, 45) ~ (136.468, 46)
(9, 45) ~ (137.468, 45)
(42, 35) ~ (160.61, 22)
(44, 29) ~ (156.61, 26)
(21, 44) ~ (148.711, 34)
(17, 43) ~ (144.054, 39)
(7, 45) ~ (136.054, 47)
(19, 48) ~ (151.539, 32)
(20, 49) ~ (152.953, 30)
(21, 49) ~ (153.953, 29)
(22, 49) ~ (154.953, 28)
(23, 49) ~ (155.953, 27)
(24, 49) ~ (156.953, 26)
(25, 49) ~ (157.953, 25)
(19, 49) ~ (152.539, 31)
(13, 45) ~ (142.64, 41)
(32, 29) ~ (145.782, 38)
(9, 44) ~ (137.882, 46)
(19, 47) ~ (151.125, 33)
(41, 35) ~ (161.61, 23)
(43, 29) ~ (157.61, 27)
(21, 43) ~ (149.711, 35)
(18, 49) ~ (152.953, 32)
(10, 43) ~ (139.297, 46)
(11, 43) ~ (140.297, 45)
(12, 45) ~ (143.64, 42)
(31, 29) ~ (146.782, 39)
(9, 43) ~ (138.882, 47)
(40, 35) ~ (162.61, 24)
(21, 42) ~ (150.711, 36)
(11, 42) ~ (140.711, 46)
(17, 49) ~ (153.953, 33)
(11, 46) ~ (145.054, 42)
(12, 47) ~ (146.468, 40)
(13, 47) ~ (147.468, 39)
(11, 47) ~ (146.054, 41)
(31, 28) ~ (147.196, 40)
(11, 45) ~ (144.64, 43)
(12, 41) ~ (142.125, 46)
(13, 42) ~ (143.539, 44)
(14, 43) ~ (144.953, 42)
(15, 43) ~ (145.953, 41)
(13, 43) ~ (144.539, 43)
(13, 41) ~ (143.125, 45)
(17, 48) ~ (154.368, 34)
(15, 42) ~ (146.368, 42)
(39, 35) ~ (163.61, 25)
(32, 27) ~ (148.61, 40)
(33, 27) ~ (149.61, 39)
(21, 41) ~ (151.711, 37)
(11, 41) ~ (141.711, 47)
(31, 27) ~ (148.196, 41)
(16, 41) ~ (147.782, 42)
(17, 41) ~ (148.782, 41)
(18, 41) ~ (149.782, 40)
(19, 41) ~ (150.782, 39)
(17, 47) ~ (155.368, 35)
(15, 41) ~ (147.368, 43)
(38, 35) ~ (164.61, 26)
(21, 40) ~ (152.711, 38)
(19, 40) ~ (151.196, 40)
(37, 36) ~ (166.024, 26)
(37, 37) ~ (167.024, 25)
(37, 35) ~ (165.61, 27)
(21, 39) ~ (153.711, 39)
(19, 39) ~ (152.196, 41)
(36, 37) ~ (167.439, 26)
(18, 39) ~ (152.61, 42)
(35, 37) ~ (168.439, 27)
(17, 39) ~ (153.61, 43)
(35, 36) ~ (168.853, 28)
(17, 38) ~ (154.024, 44)
(35, 35) ~ (169.853, 29)
(17, 37) ~ (155.024, 45)
(34, 35) ~ (170.267, 30)
(16, 37) ~ (155.439, 46)
(33, 35) ~ (171.267, 31)
(15, 37) ~ (156.439, 47)
(32, 35) ~ (172.267, 32)
(14, 37) ~ (157.439, 48)
(31, 36) ~ (173.681, 32)
(31, 37) ~ (174.681, 31)
(31, 38) ~ (175.681, 30)
(31, 39) ~ (176.681, 29)
(31, 40) ~ (177.681, 28)
(32, 41) ~ (179.096, 26)
(33, 41) ~ (180.096, 25)
(34, 41) ~ (181.096, 24)
(35, 41) ~ (182.096, 23)
(31, 41) ~ (178.681, 27)
(31, 35) ~ (173.267, 33)
(35, 40) ~ (182.51, 24)
(13, 37) ~ (158.439, 49)
(36, 39) ~ (183.924, 24)
(37, 40) ~ (185.338, 22)
(38, 41) ~ (186.752, 20)
(39, 41) ~ (187.752, 19)
(37, 41) ~ (186.338, 21)
(37, 39) ~ (184.924, 23)
(39, 40) ~ (188.167, 20)
(35, 39) ~ (183.51, 25)
(13, 36) ~ (158.853, 50)
(12, 37) ~ (159.439, 50)
(40, 39) ~ (189.581, 20)
(41, 40) ~ (190.995, 18)
(41, 41) ~ (191.995, 17)
(41, 42) ~ (192.995, 16)
(41, 43) ~ (193.995, 15)
(41, 39) ~ (190.581, 19)
(34, 39) ~ (183.924, 26)
(39, 39) ~ (189.167, 21)
(40, 43) ~ (194.409, 16)
(13, 35) ~ (159.853, 51)
(11, 37) ~ (160.439, 51)
(33, 39) ~ (184.924, 27)
(39, 43) ~ (195.409, 17)
(11, 36) ~ (160.853, 52)
(33, 38) ~ (185.338, 28)
(38, 43) ~ (196.409, 18)
(11, 35) ~ (161.853, 53)
(33, 37) ~ (186.338, 29)
(37, 44) ~ (197.823, 18)
(37, 45) ~ (198.823, 17)
(37, 46) ~ (199.823, 16)
(37, 47) ~ (200.823, 15)
(37, 43) ~ (197.409, 19)
(11, 34) ~ (162.853, 54)
(36, 47) ~ (201.238, 16)
(12, 33) ~ (164.267, 54)
(13, 33) ~ (165.267, 53)
(11, 33) ~ (163.853, 55)
(35, 47) ~ (202.238, 17)
(13, 32) ~ (165.681, 54)
(14, 31) ~ (167.096, 54)
(15, 31) ~ (168.096, 53)
(34, 47) ~ (203.238, 18)
(13, 31) ~ (166.681, 55)
(15, 30) ~ (168.51, 54)
(33, 47) ~ (204.238, 19)
(13, 30) ~ (167.681, 56)
(15, 29) ~ (169.51, 55)
(33, 46) ~ (204.652, 20)
(13, 29) ~ (168.681, 57)
(34, 45) ~ (206.066, 20)
(35, 45) ~ (207.066, 19)
(33, 45) ~ (205.652, 21)
(35, 44) ~ (207.48, 20)
(13, 28) ~ (169.681, 58)
(14, 27) ~ (171.096, 58)
(15, 27) ~ (172.096, 57)
(35, 43) ~ (208.48, 21)
(13, 27) ~ (170.681, 59)
(15, 26) ~ (172.51, 58)
(34, 43) ~ (208.895, 22)
(16, 25) ~ (173.924, 58)
(17, 26) ~ (175.338, 56)
(17, 27) ~ (176.338, 55)
(17, 28) ~ (177.338, 54)
(17, 29) ~ (178.338, 53)
(17, 30) ~ (179.338, 52)
(18, 31) ~ (180.752, 50)
(19, 32) ~ (182.167, 48)
(19, 33) ~ (183.167, 47)
(19, 31) ~ (181.752, 49)
(17, 31) ~ (180.338, 51)
(18, 33) ~ (183.581, 48)
(17, 25) ~ (174.924, 57)
(15, 25) ~ (173.51, 59)
(33, 43) ~ (209.895, 23)
(17, 33) ~ (184.581, 49)
(32, 43) ~ (210.895, 24)
(16, 33) ~ (185.581, 50)
(31, 43) ~ (211.895, 25)
(15, 34) ~ (186.995, 50)
(16, 35) ~ (188.409, 48)
(17, 35) ~ (189.409, 47)
(18, 35) ~ (190.409, 46)
(19, 36) ~ (191.823, 44)
(20, 37) ~ (193.238, 42)
(21, 37) ~ (194.238, 41)
(22, 37) ~ (195.238, 40)
(23, 37) ~ (196.238, 39)
(19, 37) ~ (192.823, 43)
(19, 35) ~ (191.409, 45)
(23, 36) ~ (196.652, 40)
(15, 35) ~ (187.995, 49)
(15, 33) ~ (186.581, 51)
(24, 35) ~ (198.066, 40)
(25, 35) ~ (199.066, 39)
(23, 35) ~ (197.652, 41)
(30, 43) ~ (212.895, 26)
(29, 44) ~ (214.309, 26)
(29, 45) ~ (215.309, 25)
(29, 46) ~ (216.309, 24)
(30, 47) ~ (217.723, 22)
(31, 48) ~ (219.137, 20)
(32, 49) ~ (220.551, 18)
(33, 49) ~ (221.551, 17)
(34, 49) ~ (222.551, 16)
(35, 49) ~ (223.551, 15)
(36, 49) ~ (224.551, 14)
(37, 49) ~ (225.551, 13)
(38, 49) ~ (226.551, 12)
(39, 49) ~ (227.551, 11)
(40, 49) ~ (228.551, 10)
(41, 49) ~ (229.551, 9)
(31, 49) ~ (220.137, 19)
(31, 47) ~ (218.723, 21)
(41, 48) ~ (229.966, 10)
(29, 47) ~ (217.309, 23)
(30, 49) ~ (220.551, 20)
(23, 34) ~ (198.652, 42)
(29, 43) ~ (213.895, 27)
(31, 46) ~ (219.137, 22)
(42, 47) ~ (231.38, 10)
(43, 47) ~ (232.38, 9)
(41, 47) ~ (230.966, 11)
(29, 49) ~ (221.551, 21)
(23, 33) ~ (199.652, 43)
(43, 46) ~ (232.794, 10)
(31, 45) ~ (220.137, 23)
(28, 49) ~ (222.551, 22)
(23, 32) ~ (200.652, 44)
(43, 45) ~ (233.794, 11)
(24, 31) ~ (202.066, 44)
(25, 32) ~ (203.48, 42)
(26, 33) ~ (204.895, 40)
(27, 34) ~ (206.309, 38)
(28, 35) ~ (207.723, 36)
(29, 36) ~ (209.137, 34)
(29, 37) ~ (210.137, 33)
(29, 38) ~ (211.137, 32)
(29, 39) ~ (212.137, 31)
(29, 35) ~ (208.723, 35)
(27, 35) ~ (207.309, 37)
(27, 36) ~ (208.309, 36)
(27, 37) ~ (209.309, 35)
(28, 39) ~ (212.551, 32)
(27, 33) ~ (205.895, 39)
(25, 33) ~ (204.48, 41)
(26, 37) ~ (209.723, 36)
(27, 40) ~ (213.966, 32)
(28, 41) ~ (215.38, 30)
(29, 41) ~ (216.38, 29)
(27, 41) ~ (214.966, 31)
(25, 31) ~ (203.066, 43)
(42, 45) ~ (234.208, 12)
(27, 49) ~ (223.551, 23)
(27, 39) ~ (213.551, 33)
(23, 31) ~ (201.652, 45)
(43, 44) ~ (234.794, 12)
(25, 38) ~ (211.137, 36)
(25, 39) ~ (212.137, 35)
(26, 41) ~ (215.38, 32)
(25, 37) ~ (210.723, 37)
(27, 48) ~ (223.966, 24)
(44, 43) ~ (236.208, 12)
(45, 43) ~ (237.208, 11)
(41, 45) ~ (235.208, 13)
(24, 39) ~ (212.551, 36)
(43, 43) ~ (235.794, 13)
(25, 42) ~ (216.794, 32)
(25, 43) ~ (217.794, 31)
(25, 44) ~ (218.794, 30)
(26, 45) ~ (220.208, 28)
(27, 45) ~ (221.208, 27)
(25, 45) ~ (219.794, 29)
(25, 41) ~ (216.38, 33)
(45, 42) ~ (237.622, 12)
(27, 44) ~ (221.622, 28)
(27, 47) ~ (224.966, 25)
(23, 40) ~ (213.966, 36)
(23, 41) ~ (214.966, 35)
(23, 42) ~ (215.966, 34)
(23, 43) ~ (216.966, 33)
(23, 44) ~ (217.966, 32)
(23, 45) ~ (218.966, 31)
(23, 46) ~ (219.966, 30)
(24, 47) ~ (221.38, 28)
(25, 47) ~ (222.38, 27)
(26, 47) ~ (223.38, 26)
(23, 47) ~ (220.966, 29)
(40, 45) ~ (236.208, 14)
(23, 39) ~ (213.551, 37)
(45, 41) ~ (238.622, 13)
(39, 46) ~ (237.622, 14)
(39, 47) ~ (238.622, 13)
(27, 43) ~ (222.622, 29)
(39, 45) ~ (237.208, 15)
(45, 40) ~ (239.622, 14)
(45, 39) ~ (240.622, 15)
(44, 39) ~ (241.037, 16)
(43, 40) ~ (242.451, 16)
(43, 41) ~ (243.451, 15)
(43, 39) ~ (242.037, 17)
(43, 38) ~ (242.451, 18)
(44, 37) ~ (243.865, 18)
(45, 37) ~ (244.865, 17)
(46, 37) ~ (245.865, 16)
(47, 38) ~ (247.279, 14)
(48, 39) ~ (248.694, 12)
(49, 40) ~ (250.108, 10)
(49, 41) ~ (251.108, 9)
(49, 39) ~ (249.694, 11)
(47, 39) ~ (248.279, 13)
(48, 41) ~ (251.522, 10)
(47, 37) ~ (246.865, 15)
(49, 38) ~ (250.108, 12)
(43, 37) ~ (243.451, 19)
(47, 42) ~ (252.936, 10)
(47, 43) ~ (253.936, 9)
(47, 44) ~ (254.936, 8)
(48, 45) ~ (256.35, 6)
(49, 46) ~ (257.765, 4)
(49, 47) ~ (258.765, 3)
(49, 45) ~ (257.35, 5)
(47, 45) ~ (255.936, 7)
(47, 46) ~ (256.936, 6)
(47, 47) ~ (257.936, 5)
(47, 41) ~ (252.522, 11)
(49, 44) ~ (257.765, 6)
(42, 37) ~ (243.865, 20)
(49, 37) ~ (251.108, 13)
(46, 47) ~ (258.35, 6)
(49, 43) ~ (258.765, 7)
(45, 48) ~ (259.765, 6)
(46, 49) ~ (261.179, 4)
(47, 49) ~ (262.179, 3)
(48, 49) ~ (263.179, 2)
(49, 49) ~ (264.179, 1)
(50, 49) ~ (265.179, 0)
(1, 0) ~ (0, 69.2965)
(2, 1) ~ (1.41421, 67.8822)
(3, 2) ~ (2.82843, 66.468)
(1, 1) ~ (1, 68.593)
(3, 1) ~ (2.41421, 67.1789)
(1, 2) ~ (2, 67.897)
(4, 1) ~ (3.41421, 66.4831)
(5, 2) ~ (4.82843, 65.0692)
(5, 3) ~ (5.82843, 64.3506)
(1, 3) ~ (3, 67.2086)
(5, 1) ~ (4.41421, 65.7951)
(5, 4) ~ (6.82843, 63.6396)
(6, 5) ~ (8.24264, 62.2254)
(1, 4) ~ (4, 66.5282)
(2, 5) ~ (5.41421, 65.1153)
(3, 6) ~ (6.82843, 63.7024)
(5, 5) ~ (7.82843, 62.9365)
(7, 5) ~ (9.24264, 61.5224)
(3, 5) ~ (6.41421, 64.3817)
(1, 5) ~ (5, 65.8559)
(3, 7) ~ (7.82843, 63.0317)
(3, 8) ~ (8.82843, 62.3699)
(4, 9) ~ (10.2426, 60.959)
(5, 9) ~ (11.2426, 60.208)
(3, 9) ~ (9.82843, 61.7171)
(3, 4) ~ (6.82843, 65.0692)
(7, 4) ~ (9.65685, 62.2415)
(2, 7) ~ (8.24264, 63.7809)
(5, 8) ~ (11.6569, 60.8769)
(1, 8) ~ (9.65685, 63.8905)
(7, 3) ~ (10.6569, 62.9682)
(1, 7) ~ (9.24264, 64.5368)
(6, 7) ~ (13.0711, 60.8276)
(7, 8) ~ (14.4853, 59.4138)
(8, 9) ~ (15.8995, 58)
(1, 9) ~ (10.6569, 63.2535)
(7, 7) ~ (14.0711, 60.1082)
(9, 9) ~ (16.8995, 57.28)
(5, 7) ~ (12.6569, 61.5549)
(7, 9) ~ (15.4853, 58.7282)
(1, 10) ~ (11.6569, 62.6259)
(2, 11) ~ (13.0711, 61.2209)
(3, 12) ~ (14.4853, 59.8164)
(3, 11) ~ (14.0711, 60.4401)
(1, 11) ~ (12.6569, 62.0081)
(3, 13) ~ (15.4853, 59.203)
(1, 12) ~ (13.6569, 61.4003)
(3, 14) ~ (16.4853, 58.6003)
(4, 15) ~ (17.8995, 57.2014)
(9, 8) ~ (17.3137, 57.9828)
(5, 15) ~ (18.8995, 56.4004)
(7, 2) ~ (11.6569, 63.7024)
(1, 13) ~ (14.6569, 60.803)
(3, 15) ~ (17.4853, 58.0086)
(6, 15) ~ (19.8995, 55.6058)
(7, 15) ~ (20.8995, 54.8179)
(1, 14) ~ (15.6569, 60.2163)
(1, 15) ~ (16.6569, 59.6406)
(1, 16) ~ (17.6569, 59.0762)
(7, 14) ~ (21.3137, 55.4437)
(8, 1) ~ (13.0711, 63.7809)
(9, 7) ~ (18.3137, 58.6941)
(7, 1) ~ (12.6569, 64.4438)
(1, 17) ~ (18.6569, 58.5235)
(9, 1) ~ (14.0711, 63.1269)
(10, 1) ~ (15.0711, 62.482)
(1, 18) ~ (19.6569, 57.9828)
(11, 1) ~ (16.0711, 61.8466)
(1, 19) ~ (20.6569, 57.4543)
(12, 1) ~ (17.0711, 61.2209)
(7, 13) ~ (22.3137, 56.0803)
(1, 20) ~ (21.6569, 56.9386)
(13, 1) ~ (18.0711, 60.6053)
(9, 6) ~ (19.3137, 59.4138)
(14, 1) ~ (19.0711, 60)
(15, 2) ~ (20.4853, 58.6003)
(1, 21) ~ (22.6569, 56.4358)
(15, 3) ~ (21.4853, 57.8014)
(15, 1) ~ (20.0711, 59.4054)
(15, 4) ~ (22.4853, 57.0088)
(16, 5) ~ (23.8995, 55.6058)
(17, 6) ~ (25.3137, 54.2033)
(18, 7) ~ (26.7279, 52.8015)
(6, 13) ~ (22.7279, 56.8507)
(1, 22) ~ (23.6569, 55.9464)
(15, 5) ~ (23.4853, 56.2228)
(17, 7) ~ (26.3137, 53.4135)
(17, 5) ~ (24.8995, 55)
(19, 7) ~ (27.7279, 52.2015)
(17, 8) ~ (27.3137, 52.6308)
(1, 23) ~ (24.6569, 55.4707)
(17, 9) ~ (28.3137, 51.8556)
(10, 5) ~ (20.7279, 59.4643)
(11, 6) ~ (22.1421, 58.0517)
(9, 5) ~ (20.3137, 60.1415)
(11, 7) ~ (23.1421, 57.3149)
(11, 5) ~ (21.7279, 58.7963)
(11, 8) ~ (24.1421, 56.5862)
(14, 5) ~ (23.8995, 56.8507)
(16, 7) ~ (26.7279, 54.037)
(11, 9) ~ (25.1421, 55.8659)
(17, 4) ~ (25.3137, 55.8032)
(19, 6) ~ (28.1421, 53.0094)
(5, 13) ~ (23.7279, 57.6281)
(11, 4) ~ (22.1421, 59.5483)
(13, 6) ~ (25.3137, 56.7274)
(13, 7) ~ (26.3137, 55.9732)
(13, 5) ~ (24.8995, 57.4891)
(15, 7) ~ (27.7279, 54.6717)
(5, 12) ~ (24.1421, 58.258)
(13, 8) ~ (27.3137, 55.2268)
(14, 9) ~ (28.7279, 53.8145)
(15, 10) ~ (30.1421, 52.4023)
(16, 11) ~ (31.5563, 50.9902)
(13, 9) ~ (28.3137, 54.4885)
(15, 11) ~ (31.1421, 51.6624)
(20, 5) ~ (29.5563, 53.2541)
(15, 9) ~ (29.7279, 53.1507)
(17, 11) ~ (32.5563, 50.3289)
(17, 3) ~ (26.3137, 56.6127)
(19, 5) ~ (29.1421, 53.8238)
(15, 12) ~ (32.1421, 50.9313)
(12, 3) ~ (23.5563, 59.6657)
(18, 11) ~ (33.5563, 49.679)
(21, 5) ~ (30.5563, 52.6973)
(15, 13) ~ (33.1421, 50.2096)
(11, 3) ~ (23.1421, 60.3075)
(13, 3) ~ (24.5563, 59.0339)
(19, 11) ~ (34.5563, 49.0408)
(15, 14) ~ (34.1421, 49.4975)
(16, 15) ~ (35.5564, 48.0833)
(6, 11) ~ (25.5563, 58.1378)
(22, 5) ~ (31.5563, 52.1536)
(15, 15) ~ (35.1421, 48.7955)
(17, 15) ~ (36.5564, 47.3814)
(7, 11) ~ (26.5563, 57.3847)
(5, 11) ~ (25.1421, 58.8982)
(23, 5) ~ (32.5563, 51.6236)
(8, 11) ~ (27.5563, 56.6392)
(9, 12) ~ (28.9706, 55.2268)
(18, 15) ~ (37.5564, 46.6905)
(9, 11) ~ (28.5563, 55.9017)
(14, 13) ~ (33.5564, 50.9117)
(10, 3) ~ (23.5563, 60.959)
(9, 13) ~ (29.9706, 54.5619)
(19, 15) ~ (38.5564, 46.0109)
(17, 2) ~ (27.3137, 57.4282)
(19, 10) ~ (34.9706, 49.8197)
(9, 14) ~ (30.9706, 53.9073)
(10, 15) ~ (32.3848, 52.4976)
(11, 16) ~ (33.799, 51.0882)
(20, 15) ~ (39.5564, 45.3431)
(11, 15) ~ (33.3848, 51.7397)
(9, 15) ~ (31.9706, 53.2635)
(21, 15) ~ (40.5564, 44.6878)
(11, 17) ~ (34.799, 50.448)
(23, 4) ~ (32.9706, 52.4786)
(22, 15) ~ (41.5564, 44.0454)
(23, 16) ~ (42.9706, 42.638)
(24, 17) ~ (44.3848, 41.2311)
(23, 17) ~ (43.9706, 41.8688)
(13, 14) ~ (34.9706, 50.9313)
(23, 15) ~ (42.5564, 43.4166)
(25, 17) ~ (45.3848, 40.6079)
(9, 3) ~ (24.5563, 61.6198)
(13, 13) ~ (34.5564, 51.6236)
(11, 14) ~ (33.799, 52.4023)
(13, 15) ~ (35.9706, 50.2494)
(26, 17) ~ (46.3848, 40)
(20, 9) ~ (36.3848, 50)
(27, 18) ~ (47.799, 38.6005)
(28, 19) ~ (49.2132, 37.2022)
(29, 20) ~ (50.6274, 35.805)
(30, 21) ~ (52.0416, 34.4093)
(13, 16) ~ (36.9706, 49.5782)
(17, 1) ~ (28.3137, 58.2495)
(19, 9) ~ (35.9706, 50.6063)
(27, 19) ~ (48.799, 37.8021)
(29, 21) ~ (51.6274, 35)
(21, 9) ~ (37.3848, 49.4065)
(27, 17) ~ (47.3848, 39.4081)
(29, 19) ~ (50.2132, 36.6197)
(31, 21) ~ (53.0416, 33.8378)
(13, 17) ~ (37.9706, 48.9183)
(25, 16) ~ (45.799, 41.4005)
(13, 18) ~ (38.9706, 48.2701)
(13, 12) ~ (34.9706, 52.3259)
(23, 3) ~ (33.9706, 53.3385)
(13, 19) ~ (39.9706, 47.634)
(28, 21) ~ (52.0416, 35.609)
(11, 13) ~ (34.799, 53.0754)
(21, 8) ~ (37.799, 50.2195)
(31, 20) ~ (53.4559, 34.6699)
(22, 3) ~ (34.3848, 53.8516)
(12, 19) ~ (40.3848, 48.4149)
(25, 15) ~ (46.799, 42.2019)
(13, 11) ~ (35.9706, 53.0377)
(27, 21) ~ (53.0416, 36.2353)
(11, 12) ~ (35.799, 53.7587)
(22, 7) ~ (39.2132, 50.4777)
(21, 3) ~ (35.3848, 54.3783)
(21, 7) ~ (38.799, 51.0392)
(32, 19) ~ (54.8701, 34.9857)
(31, 19) ~ (54.4559, 35.5106)
(12, 11) ~ (36.3848, 53.7401)
(23, 7) ~ (40.2132, 49.93)
(33, 19) ~ (55.8701, 34.4819)
(11, 20) ~ (41.799, 48.6004)
(11, 19) ~ (41.3848, 49.2037)
(24, 7) ~ (41.2132, 49.3964)
(11, 21) ~ (42.799, 48.0104)
(25, 14) ~ (47.799, 43.0116)
(34, 19) ~ (56.8701, 34)
(26, 21) ~ (54.0416, 36.8782)
(25, 7) ~ (42.2132, 48.8774)
(11, 22) ~ (43.799, 47.4342)
(11, 11) ~ (36.799, 54.4518)
(12, 23) ~ (45.2132, 46.0435)
(13, 24) ~ (46.6274, 44.6542)
(20, 3) ~ (36.3848, 54.9181)
(35, 19) ~ (57.8701, 33.541)
(13, 23) ~ (46.2132, 45.2217)
(11, 23) ~ (44.799, 46.8722)
(13, 25) ~ (47.6274, 44.1022)
(36, 19) ~ (58.8701, 33.1059)
(37, 20) ~ (60.2843, 31.7805)
(37, 21) ~ (61.2843, 30.8707)
(25, 6) ~ (42.6274, 49.7393)
(37, 19) ~ (59.8701, 32.6956)
(25, 21) ~ (55.0416, 37.5366)
(25, 13) ~ (48.799, 43.8292)
(19, 3) ~ (37.3848, 55.4707)
(10, 23) ~ (45.2132, 47.7074)
(12, 25) ~ (48.0416, 44.9444)
(36, 21) ~ (61.6985, 31.305)
(24, 13) ~ (49.2132, 44.4072)
(37, 18) ~ (60.2843, 33.6155)
(19, 2) ~ (37.799, 56.3028)
(26, 5) ~ (44.0416, 50.1199)
(25, 5) ~ (43.6274, 50.6063)
(24, 21) ~ (56.0416, 38.2099)
(35, 21) ~ (62.6985, 31.7648)
(27, 5) ~ (45.0416, 49.6488)
(9, 23) ~ (46.2132, 48.5489)
(11, 25) ~ (49.0416, 45.793)
(23, 13) ~ (50.2132, 45)
(28, 5) ~ (46.0416, 49.1935)
(29, 6) ~ (47.4559, 47.8539)
(29, 7) ~ (48.4559, 46.9574)
(23, 22) ~ (57.4559, 38.1838)
(29, 5) ~ (47.0416, 48.7545)
(20, 1) ~ (39.2132, 56.6039)
(37, 17) ~ (61.2843, 34.5398)
(23, 21) ~ (57.0416, 38.8973)
(19, 1) ~ (38.799, 57.1402)
(23, 23) ~ (58.4559, 37.4833)
(34, 21) ~ (63.6985, 32.249)
(28, 7) ~ (48.8701, 47.4131)
(21, 1) ~ (40.2132, 56.0803)
(23, 12) ~ (50.6274, 45.8039)
(36, 17) ~ (61.6985, 34.9285)
(10, 25) ~ (50.0416, 46.6476)
(22, 1) ~ (41.2132, 55.5698)
(33, 22) ~ (65.1127, 31.9061)
(34, 23) ~ (66.5269, 30.5287)
(22, 23) ~ (58.8701, 38.2099)
(33, 23) ~ (66.1127, 31.0644)
(23, 1) ~ (42.2132, 55.0727)
(27, 8) ~ (50.2843, 47.0106)
(27, 9) ~ (51.2843, 46.1411)
(33, 21) ~ (64.6985, 32.7567)
(35, 23) ~ (67.5269, 30.0167)
(27, 7) ~ (49.8701, 47.8853)
(24, 1) ~ (43.2132, 54.5894)
(25, 2) ~ (44.6274, 53.2353)
(26, 3) ~ (46.0416, 51.8845)
(25, 3) ~ (45.6274, 52.3546)
(35, 17) ~ (62.6985, 35.3412)
(23, 11) ~ (51.6274, 46.6154)
(25, 1) ~ (44.2132, 54.1202)
(26, 9) ~ (51.6985, 46.6476)
(27, 3) ~ (47.0416, 51.4296)
(9, 25) ~ (51.0416, 47.5079)
(21, 24) ~ (60.2843, 38.2884)
(22, 25) ~ (61.6985, 36.8782)
(23, 26) ~ (63.1127, 35.4683)
(24, 27) ~ (64.5269, 34.0588)
(25, 28) ~ (65.9411, 32.6497)
(21, 23) ~ (59.8701, 38.9487)
(23, 25) ~ (62.6985, 36.1248)
(25, 27) ~ (65.5269, 33.3017)
(21, 25) ~ (61.2843, 37.6431)
(23, 27) ~ (64.1127, 34.8281)
(25, 29) ~ (66.9411, 32.0156)
(24, 25) ~ (63.6985, 35.3836)
(22, 11) ~ (52.0416, 47.2017)
(25, 25) ~ (64.6985, 34.6554)
(25, 10) ~ (53.1127, 46.3249)
(26, 11) ~ (54.5269, 44.9444)
(34, 17) ~ (63.6985, 35.7771)
(27, 12) ~ (55.9411, 43.566)
(25, 11) ~ (54.1127, 45.4863)
(26, 25) ~ (65.6985, 33.9411)
(27, 26) ~ (67.1127, 32.5269)
(27, 13) ~ (56.9411, 42.72)
(27, 2) ~ (47.4559, 52.3259)
(27, 14) ~ (57.9411, 41.8808)
(28, 15) ~ (59.3554, 40.4969)
(25, 9) ~ (52.6985, 47.1699)
(27, 25) ~ (66.6985, 33.2415)
(27, 27) ~ (68.1127, 31.8277)
(27, 11) ~ (55.5269, 44.4185)
(27, 15) ~ (58.9411, 41.0488)
(23, 10) ~ (52.6274, 47.4342)
(20, 25) ~ (61.6985, 38.4187)
(24, 29) ~ (67.3554, 32.8024)
(27, 28) ~ (69.1127, 31.1448)
(29, 15) ~ (60.3554, 39.9625)
(8, 25) ~ (52.0416, 48.3735)
(21, 12) ~ (53.4559, 47.0106)
(27, 29) ~ (70.1127, 30.4795)
(21, 13) ~ (54.4559, 46.2277)
(30, 15) ~ (61.3554, 39.4462)
(21, 11) ~ (53.0416, 47.8017)
(33, 17) ~ (64.6985, 36.2353)
(27, 30) ~ (71.1127, 29.8329)
(27, 24) ~ (67.1127, 33.9706)
(31, 15) ~ (62.3554, 38.9487)
(27, 31) ~ (72.1127, 29.2062)
(28, 1) ~ (48.8701, 52.8015)
(27, 1) ~ (48.4559, 53.2259)
(19, 26) ~ (63.1127, 38.6005)
(20, 27) ~ (64.5269, 37.2022)
(20, 13) ~ (54.8701, 46.8615)
(21, 28) ~ (65.9411, 35.805)
(29, 2) ~ (50.2843, 51.4781)
(22, 29) ~ (67.3554, 34.4093)
(32, 15) ~ (63.3554, 38.4708)
(29, 3) ~ (51.2843, 50.5668)
(30, 3) ~ (51.6985, 50.1597)
(23, 9) ~ (53.6274, 48.2597)
(19, 25) ~ (62.6985, 39.2046)
(21, 27) ~ (65.5269, 36.4006)
(23, 29) ~ (68.3554, 33.6006)
(31, 4) ~ (53.1127, 48.8467)
(31, 5) ~ (54.1127, 47.927)
(32, 5) ~ (54.5269, 47.5395)
(31, 6) ~ (55.1127, 47.0106)
(19, 27) ~ (64.1127, 38.0132)
(21, 29) ~ (66.9411, 35.2278)
(31, 7) ~ (56.1127, 46.0977)
(29, 1) ~ (49.8701, 52.3927)
(7, 25) ~ (53.0416, 49.2443)
(33, 15) ~ (64.3554, 38.0132)
(32, 17) ~ (65.6985, 36.7151)
(31, 3) ~ (52.6985, 49.7695)
(21, 30) ~ (67.9411, 34.6699)
(33, 5) ~ (55.5269, 47.1699)
(27, 23) ~ (68.1127, 34.7131)
(30, 1) ~ (50.8701, 52)
(34, 15) ~ (65.3554, 37.5766)
(19, 24) ~ (63.1127, 39.8246)
(21, 31) ~ (68.9411, 34.1321)
(7, 24) ~ (53.4559, 49.7393)
(34, 5) ~ (56.5269, 46.8188)
(19, 13) ~ (55.8701, 47.5079)
(20, 29) ~ (67.3554, 36.0555)
(31, 1) ~ (51.8701, 51.6236)
(35, 15) ~ (66.3554, 37.1618)
(21, 32) ~ (69.9411, 33.6155)
(26, 23) ~ (68.5269, 35.3836)
(31, 17) ~ (66.6985, 37.2156)
(35, 5) ~ (57.5269, 46.4866)
(21, 33) ~ (70.9411, 33.121)
(36, 15) ~ (67.3554, 36.7696)
(32, 1) ~ (52.8701, 51.264)
(6, 25) ~ (54.0416, 50.1199)
(33, 2) ~ (54.2843, 49.98)
(33, 3) ~ (55.2843, 49.0408)
(19, 23) ~ (64.1127, 40.4599)
(21, 34) ~ (71.9411, 32.6497)
(7, 23) ~ (54.4559, 50.2494)
(37, 15) ~ (68.3554, 36.4006)
(33, 1) ~ (53.8701, 50.9215)
(18, 13) ~ (56.8701, 48.1664)
(21, 35) ~ (72.9411, 32.2025)
(19, 29) ~ (68.3554, 36.8917)
(35, 4) ~ (57.9411, 47.4342)
(38, 15) ~ (69.3554, 36.0555)
(30, 17) ~ (67.6985, 37.7359)
(39, 16) ~ (70.7696, 34.7851)
(25, 23) ~ (69.5269, 36.0694)
(39, 17) ~ (71.7696, 33.8378)
(39, 18) ~ (72.7696, 32.8938)
(39, 19) ~ (73.7696, 31.9531)
(39, 20) ~ (74.7696, 31.0161)
(39, 21) ~ (75.7696, 30.0832)
(40, 21) ~ (76.1838, 29.7321)
(5, 25) ~ (55.0416, 51)
(39, 15) ~ (70.3554, 35.7351)
(19, 22) ~ (65.1127, 41.1096)
(7, 22) ~ (55.4559, 50.774)
(41, 21) ~ (77.1838, 29.4109)
(17, 13) ~ (57.8701, 48.8365)
(5, 24) ~ (55.4559, 51.4781)
(29, 17) ~ (68.6985, 38.2753)
(35, 3) ~ (58.9411, 48.3839)
(8, 21) ~ (56.8701, 50.4777)
(9, 21) ~ (57.8701, 49.6488)
(7, 21) ~ (56.4559, 51.3128)
(19, 21) ~ (66.1127, 41.7732)
(41, 20) ~ (77.598, 30.3645)
(5, 23) ~ (56.4559, 51.9711)
(9, 20) ~ (58.2843, 50.2195)
(35, 2) ~ (59.9411, 49.3356)
(19, 20) ~ (67.1127, 42.45)
(41, 19) ~ (78.598, 31.3209)
(5, 22) ~ (57.4559, 52.4786)
(42, 19) ~ (79.0122, 31.0483)
(9, 19) ~ (59.2843, 50.8035)
(43, 20) ~ (80.4264, 29.8329)
(43, 21) ~ (81.4264, 28.8617)
(43, 22) ~ (82.4264, 27.8927)
(43, 23) ~ (83.4264, 26.9258)
(44, 23) ~ (83.8407, 26.6833)
(45, 24) ~ (85.2549, 25.4951)
(45, 25) ~ (86.2549, 24.5153)
(43, 19) ~ (80.0122, 30.8058)
(35, 1) ~ (60.9411, 50.2892)
(19, 19) ~ (68.1127, 43.1393)
(45, 23) ~ (84.8407, 26.4764)
(36, 1) ~ (61.3554, 50)
(44, 25) ~ (86.6691, 24.7386)
(5, 21) ~ (58.4559, 53)
(37, 2) ~ (62.7696, 48.7647)
(37, 3) ~ (63.7696, 47.8017)
(37, 4) ~ (64.7696, 46.8402)
(37, 5) ~ (65.7696, 45.8803)
(9, 18) ~ (60.2843, 51.4004)
(38, 5) ~ (66.1838, 45.607)
(37, 1) ~ (62.3554, 49.7293)
(39, 5) ~ (67.1838, 45.3542)
(43, 25) ~ (87.6691, 25)
(19, 18) ~ (69.1127, 43.8406)
(5, 20) ~ (59.4559, 53.535)
(9, 17) ~ (61.2843, 52.0096)
(39, 4) ~ (67.598, 46.3249)
(42, 25) ~ (88.6691, 25.2982)
(6, 19) ~ (60.8701, 53.2541)
(7, 19) ~ (61.8701, 52.4309)
(20, 17) ~ (70.5269, 43.8634)
(21, 18) ~ (71.9411, 42.45)
(22, 19) ~ (73.3554, 41.0366)
(8, 17) ~ (61.6985, 52.8015)
(5, 19) ~ (60.4559, 54.0833)
(19, 17) ~ (70.1127, 44.5533)
(21, 19) ~ (72.9411, 41.7253)
(21, 17) ~ (71.5269, 43.1856)
(23, 19) ~ (74.3554, 40.3609)
(21, 20) ~ (73.9411, 41.0122)
(24, 19) ~ (75.3554, 39.6989)
(21, 21) ~ (74.9411, 40.3113)
(41, 25) ~ (89.6691, 25.632)
(25, 19) ~ (76.3554, 39.0512)
(18, 17) ~ (70.5269, 45.2548)
(39, 3) ~ (68.598, 47.2969)
(7, 17) ~ (62.6985, 53.6004)
(40, 25) ~ (90.6691, 26)
(17, 18) ~ (71.9411, 45.2769)
(17, 17) ~ (71.5269, 45.9674)
(17, 19) ~ (72.9411, 44.5982)
(39, 2) ~ (69.598, 48.2701)
(39, 25) ~ (91.6691, 26.4008)
(6, 17) ~ (63.6985, 54.4059)
(16, 19) ~ (73.3554, 45.3431)
(39, 24) ~ (92.0833, 27.313)
(39, 1) ~ (70.598, 49.2443)
(5, 17) ~ (64.6985, 55.2178)
(40, 1) ~ (71.0122, 49.0306)
(15, 20) ~ (74.7696, 45.4533)
(16, 21) ~ (76.1838, 44.0454)
(17, 22) ~ (77.598, 42.638)
(15, 19) ~ (74.3554, 46.0977)
(17, 21) ~ (77.1838, 43.2782)
(15, 21) ~ (75.7696, 44.8219)
(17, 23) ~ (78.598, 42.0119)
(41, 1) ~ (72.0122, 48.8365)
(39, 23) ~ (93.0833, 28.2312)
(40, 23) ~ (93.4975, 27.8568)
(15, 18) ~ (74.7696, 46.7547)
(42, 1) ~ (73.0122, 48.6621)
(4, 17) ~ (65.6985, 56.0357)
(14, 21) ~ (76.1838, 45.607)
(16, 23) ~ (79.0122, 42.8019)
(43, 2) ~ (74.4264, 47.5184)
(43, 3) ~ (75.4264, 46.5296)
(41, 23) ~ (94.4975, 27.5136)
(38, 23) ~ (93.4975, 28.6356)
(43, 1) ~ (74.0122, 48.5077)
(42, 3) ~ (75.8407, 46.6905)
(37, 24) ~ (94.9117, 28.178)
(41, 4) ~ (77.2549, 45.8912)
(41, 5) ~ (78.2549, 44.911)
(41, 6) ~ (79.2549, 43.9318)
(15, 17) ~ (75.7696, 47.4236)
(37, 25) ~ (95.9117, 27.2947)
(41, 7) ~ (80.2549, 42.9535)
(41, 8) ~ (81.2549, 41.9762)
(41, 9) ~ (82.2549, 41)
(37, 26) ~ (96.9117, 26.4197)
(44, 1) ~ (75.0122, 48.3735)
(3, 18) ~ (67.1127, 56.3028)
(37, 27) ~ (97.9117, 25.5539)
(3, 17) ~ (66.6985, 56.8595)
(37, 23) ~ (94.4975, 29.0689)
(13, 21) ~ (77.1838, 46.4004)
(15, 23) ~ (80.0122, 43.6005)
(41, 3) ~ (76.8407, 46.8722)
(3, 19) ~ (68.1127, 55.7584)
(40, 9) ~ (82.6691, 41.2311)
(45, 1) ~ (76.0122, 48.2597)
(3, 20) ~ (69.1127, 55.2268)
(36, 27) ~ (98.3259, 26.0768)
(3, 21) ~ (70.1127, 54.7083)
(39, 9) ~ (83.6691, 41.4849)
(46, 1) ~ (77.0122, 48.1664)
(3, 22) ~ (71.1127, 54.2033)
(3, 23) ~ (72.1127, 53.7122)
(35, 27) ~ (99.3259, 26.6271)
(47, 1) ~ (78.0122, 48.0937)
(3, 24) ~ (73.1127, 53.2353)
(39, 8) ~ (84.0833, 42.45)
(3, 25) ~ (74.1127, 52.7731)
(48, 1) ~ (79.0122, 48.0416)
(35, 26) ~ (99.7402, 27.4591)
(49, 2) ~ (80.4264, 47.0106)
(49, 3) ~ (81.4264, 46.0109)
(3, 26) ~ (75.1127, 52.3259)
(48, 3) ~ (81.8407, 46.0435)
(3, 27) ~ (76.1127, 51.8941)
(49, 1) ~ (80.0122, 48.0104)
(2, 25) ~ (74.5269, 53.6656)
(47, 4) ~ (83.2549, 45.0999)
(47, 5) ~ (84.2549, 44.1022)
(39, 7) ~ (85.0833, 43.4166)
(3, 28) ~ (77.1127, 51.4781)
(48, 5) ~ (84.6691, 44.0454)
(47, 3) ~ (82.8407, 46.0977)
(35, 25) ~ (100.74, 28.3019)
(49, 6) ~ (86.0833, 43.0116)
(49, 7) ~ (87.0833, 42.0119)
(38, 7) ~ (85.4975, 43.6807)
(3, 29) ~ (78.1127, 51.0784)
(48, 7) ~ (87.4975, 42.0476)
(49, 5) ~ (85.6691, 44.0114)
(3, 30) ~ (79.1127, 50.6952)
(37, 8) ~ (86.9117, 43.0116)
(37, 9) ~ (87.9117, 42.0595)
(34, 25) ~ (101.154, 28.8444)
(37, 10) ~ (88.9117, 41.1096)
(1, 26) ~ (75.9411, 54.1295)
(37, 11) ~ (89.9117, 40.1622)
(1, 25) ~ (75.5269, 54.5619)
(3, 31) ~ (80.1127, 50.3289)
(37, 7) ~ (86.4975, 43.9659)
(47, 7) ~ (88.4975, 42.107)
(1, 27) ~ (76.9411, 53.7122)
(36, 9) ~ (88.3259, 42.3792)
(36, 11) ~ (90.3259, 40.4969)
(1, 28) ~ (77.9411, 53.3104)
(33, 25) ~ (102.154, 29.4109)
(46, 7) ~ (89.4975, 42.19)
(1, 29) ~ (78.9411, 52.9245)
(35, 9) ~ (89.3259, 42.72)
(35, 11) ~ (91.3259, 40.8534)
(45, 8) ~ (90.9117, 41.3038)
(45, 9) ~ (91.9117, 40.3113)
(1, 30) ~ (79.9411, 52.5547)
(44, 9) ~ (92.3259, 40.4475)
(45, 7) ~ (90.4975, 42.2966)
(1, 31) ~ (80.9411, 52.2015)
(32, 25) ~ (103.154, 30)
(35, 8) ~ (89.7402, 43.6578)
(34, 11) ~ (92.3259, 41.2311)
(1, 32) ~ (81.9411, 51.8652)
(43, 9) ~ (93.3259, 40.6079)
(1, 33) ~ (82.9411, 51.5461)
(31, 25) ~ (104.154, 30.6105)
(33, 11) ~ (93.3259, 41.6293)
(1, 34) ~ (83.9411, 51.2445)
(43, 8) ~ (93.7402, 41.5933)
(35, 7) ~ (90.7402, 44.5982)
(2, 35) ~ (85.3554, 50)
(3, 35) ~ (86.3554, 49.0408)
(1, 35) ~ (84.9411, 50.9608)
(31, 24) ~ (104.569, 31.4006)
(34, 7) ~ (91.1544, 44.9444)
(3, 34) ~ (86.7696, 49.3356)
(32, 11) ~ (94.3259, 42.0476)
(1, 36) ~ (85.9411, 50.6952)
(2, 37) ~ (87.3554, 49.4773)
(3, 37) ~ (88.3554, 48.5077)
(4, 33) ~ (88.1838, 48.7032)
(5, 33) ~ (89.1838, 47.7598)
(33, 8) ~ (92.5686, 44.3847)
(33, 9) ~ (93.5686, 43.4626)
(3, 38) ~ (88.7696, 48.2701)
(43, 7) ~ (94.7402, 42.5793)
(1, 37) ~ (86.9411, 50.448)
(3, 33) ~ (87.7696, 49.6488)
(33, 7) ~ (92.1544, 45.31)
(5, 32) ~ (89.598, 48.1041)
(31, 23) ~ (105.569, 32.2025)
(31, 11) ~ (95.3259, 42.4853)
(3, 39) ~ (89.7696, 48.0521)
(32, 9) ~ (93.9828, 43.8634)
(6, 31) ~ (91.0122, 47.5395)
(7, 31) ~ (92.0122, 46.6154)
(30, 23) ~ (105.983, 32.8024)
(5, 31) ~ (90.598, 48.4665)
(2, 39) ~ (90.1838, 49.0306)
(31, 9) ~ (94.9828, 44.2832)
(43, 6) ~ (95.7402, 43.566)
(7, 30) ~ (92.4264, 47.0106)
(29, 24) ~ (107.397, 32.6497)
(29, 25) ~ (108.397, 31.8904)
(8, 29) ~ (93.8407, 46.5188)
(29, 23) ~ (106.983, 33.4216)
(5, 30) ~ (91.598, 48.8467)
(9, 29) ~ (94.8407, 45.618)
(29, 26) ~ (109.397, 31.1448)
(30, 9) ~ (95.9828, 44.7214)
(29, 27) ~ (110.397, 30.4138)
(7, 29) ~ (93.4264, 47.4236)
(29, 28) ~ (111.397, 29.6985)
(1, 39) ~ (91.1838, 50.01)
(43, 5) ~ (96.7402, 44.5533)
(29, 29) ~ (112.397, 29)
(1, 40) ~ (91.598, 49.8197)
(44, 5) ~ (97.1544, 44.4072)
(2, 41) ~ (93.0122, 48.6621)
(3, 41) ~ (94.0122, 47.676)
(29, 10) ~ (97.397, 44.2945)
(4, 41) ~ (95.0122, 46.6905)
(29, 30) ~ (113.397, 28.3196)
(5, 41) ~ (96.0122, 45.7056)
(29, 11) ~ (98.397, 43.4166)
(5, 29) ~ (92.598, 49.2443)
(29, 12) ~ (99.397, 42.5441)
(3, 42) ~ (94.4264, 47.5184)
(30, 13) ~ (100.811, 41.1825)
(29, 31) ~ (114.397, 27.6586)
(29, 13) ~ (100.397, 41.6773)
(29, 9) ~ (96.9828, 45.1774)
(1, 41) ~ (92.598, 49.6488)
(5, 40) ~ (96.4264, 45.8912)
(29, 32) ~ (115.397, 27.0185)
(30, 33) ~ (116.811, 25.6125)
(45, 5) ~ (98.1544, 44.2832)
(31, 13) ~ (101.811, 40.7063)
(31, 33) ~ (117.811, 24.8395)
(29, 33) ~ (116.397, 26.4008)
(3, 43) ~ (95.4264, 47.3814)
(32, 13) ~ (102.811, 40.2492)
(5, 28) ~ (93.598, 49.6588)
(5, 39) ~ (97.4264, 46.0977)
(33, 13) ~ (103.811, 39.8121)
(31, 32) ~ (118.225, 25.4951)
(45, 4) ~ (98.5686, 45.2769)
(6, 27) ~ (95.0122, 49.1935)
(34, 13) ~ (104.811, 39.3954)
(2, 43) ~ (95.8407, 48.3735)
(7, 27) ~ (96.0122, 48.3011)
(8, 27) ~ (97.0122, 47.4131)
(9, 27) ~ (98.0122, 46.5296)
(10, 27) ~ (99.0122, 45.6508)
(5, 27) ~ (94.598, 50.0899)
(11, 28) ~ (100.426, 44.2945)
(5, 38) ~ (98.4264, 46.3249)
(11, 27) ~ (100.012, 44.7772)
(35, 13) ~ (105.811, 39)
(32, 31) ~ (119.64, 25.4558)
(33, 32) ~ (121.054, 24.0416)
(34, 33) ~ (122.468, 22.6274)
(11, 29) ~ (101.426, 43.8292)
(31, 31) ~ (119.225, 26.1725)
(33, 31) ~ (120.64, 24.7588)
(33, 33) ~ (122.054, 23.3452)
(35, 33) ~ (123.468, 21.9317)
(36, 13) ~ (106.811, 38.6264)
(36, 33) ~ (124.468, 21.2603)
(11, 30) ~ (102.426, 43.382)
(45, 3) ~ (99.5686, 46.2709)
(5, 37) ~ (99.4264, 46.5725)
(37, 33) ~ (125.468, 20.6155)
(37, 13) ~ (107.811, 38.2753)
(1, 43) ~ (96.8407, 49.366)
(11, 31) ~ (103.426, 42.9535)
(38, 33) ~ (126.468, 20)
(1, 44) ~ (97.2549, 49.2544)
(38, 13) ~ (108.811, 37.9473)
(2, 45) ~ (98.6691, 48.1664)
(3, 45) ~ (99.6691, 47.1699)
(39, 33) ~ (127.468, 19.4165)
(5, 36) ~ (100.426, 46.8402)
(40, 33) ~ (128.468, 18.868)
(1, 45) ~ (98.2549, 49.163)
(39, 13) ~ (109.811, 37.6431)
(10, 31) ~ (103.841, 43.8634)
(41, 33) ~ (129.468, 18.3576)
(40, 13) ~ (110.811, 37.3631)
(1, 46) ~ (99.2549, 49.0918)
(42, 33) ~ (130.468, 17.8885)
(41, 14) ~ (112.225, 36.1386)
(41, 15) ~ (113.225, 35.171)
(41, 16) ~ (114.225, 34.2053)
(41, 17) ~ (115.225, 33.2415)
(5, 35) ~ (101.426, 47.1275)
(39, 12) ~ (110.225, 38.6005)
(41, 13) ~ (111.811, 37.108)
(43, 33) ~ (131.468, 17.4642)
(1, 47) ~ (100.255, 49.0408)
(9, 31) ~ (104.841, 44.7772)
(9, 32) ~ (105.255, 44.3847)
(1, 48) ~ (101.255, 49.0102)
(9, 33) ~ (106.255, 44.0114)
(43, 32) ~ (131.882, 18.3848)
(39, 11) ~ (111.225, 39.5601)
(9, 34) ~ (107.255, 43.6578)
(40, 11) ~ (111.64, 39.2938)
(1, 49) ~ (102.255, 49)
(9, 35) ~ (108.255, 43.3244)
(8, 33) ~ (106.669, 44.9444)
(41, 11) ~ (112.64, 39.0512)
(43, 31) ~ (132.882, 19.3132)
(9, 36) ~ (109.255, 43.0116)
(42, 11) ~ (113.64, 38.833)
(9, 37) ~ (110.255, 42.72)
(42, 31) ~ (133.297, 19.6977)
(43, 11) ~ (114.64, 38.6394)
(7, 33) ~ (107.669, 45.8803)
(7, 34) ~ (108.083, 45.5412)
(44, 11) ~ (115.64, 38.4708)
(7, 35) ~ (109.083, 45.2217)
(41, 31) ~ (134.297, 20.1246)
(45, 11) ~ (116.64, 38.3275)
(7, 36) ~ (110.083, 44.9222)
(7, 37) ~ (111.083, 44.643)
(41, 30) ~ (134.711, 21.0238)
(46, 11) ~ (117.64, 38.2099)
(47, 12) ~ (119.054, 37.1214)
(47, 13) ~ (120.054, 36.1248)
(7, 38) ~ (112.083, 44.3847)
(8, 39) ~ (113.498, 43.1741)
(9, 39) ~ (114.498, 42.2019)
(10, 39) ~ (115.498, 41.2311)
(47, 11) ~ (118.64, 38.1182)
(11, 39) ~ (116.498, 40.2616)
(12, 39) ~ (117.498, 39.2938)
(13, 39) ~ (118.498, 38.3275)
(14, 39) ~ (119.498, 37.3631)
(9, 40) ~ (114.912, 41.9762)
(15, 39) ~ (120.498, 36.4006)
(7, 39) ~ (113.083, 44.1475)
(41, 29) ~ (135.711, 21.9317)
(9, 41) ~ (115.912, 41.7732)
(47, 10) ~ (119.054, 39.1152)
(40, 29) ~ (136.125, 22.3607)
(8, 41) ~ (116.326, 42.7551)
(39, 29) ~ (137.125, 22.8254)
(47, 9) ~ (120.054, 40.1123)
(48, 9) ~ (120.468, 40.05)
(49, 10) ~ (121.882, 39.0128)
(49, 11) ~ (122.882, 38.0132)
(49, 12) ~ (123.882, 37.0135)
(49, 13) ~ (124.882, 36.0139)
(49, 14) ~ (125.882, 35.0143)
(49, 15) ~ (126.882, 34.0147)
(49, 16) ~ (127.882, 33.0151)
(49, 17) ~ (128.882, 32.0156)
(49, 18) ~ (129.882, 31.0161)
(49, 19) ~ (130.882, 30.0167)
(49, 20) ~ (131.882, 29.0172)
(49, 21) ~ (132.882, 28.0179)
(49, 22) ~ (133.882, 27.0185)
(49, 23) ~ (134.882, 26.0192)
(7, 41) ~ (117.326, 43.7379)
(39, 28) ~ (137.539, 23.7065)
(7, 42) ~ (117.74, 43.566)
(48, 15) ~ (127.297, 34.0588)
(38, 29) ~ (138.125, 23.3238)
(49, 9) ~ (121.468, 40.0125)
(7, 43) ~ (118.74, 43.4166)
(47, 15) ~ (128.297, 34.1321)
(37, 30) ~ (139.539, 23.0217)
(38, 31) ~ (140.953, 21.6333)
(37, 31) ~ (140.539, 22.2036)
(37, 29) ~ (139.125, 23.8537)
(39, 31) ~ (141.953, 21.095)
(40, 27) ~ (138.953, 24.1661)
(39, 27) ~ (138.539, 24.5967)
(46, 15) ~ (129.297, 34.2345)
(6, 43) ~ (119.154, 44.4072)
(41, 27) ~ (139.953, 23.7697)
(36, 31) ~ (140.953, 22.8035)
(42, 27) ~ (140.953, 23.4094)
(45, 15) ~ (130.297, 34.3657)
(43, 27) ~ (141.953, 23.0868)
(35, 31) ~ (141.953, 23.4307)
(5, 43) ~ (120.154, 45.3982)
(44, 27) ~ (142.953, 22.8035)
(5, 44) ~ (120.569, 45.2769)
(45, 14) ~ (130.711, 35.3553)
(45, 27) ~ (143.953, 22.561)
(35, 30) ~ (142.368, 24.2074)
(5, 45) ~ (121.569, 45.1774)
(46, 27) ~ (144.953, 22.3607)
(5, 46) ~ (122.569, 45.0999)
(45, 13) ~ (131.711, 36.3456)
(47, 27) ~ (145.953, 22.2036)
(35, 29) ~ (143.368, 25)
(5, 47) ~ (123.569, 45.0444)
(44, 13) ~ (132.125, 36.4966)
(48, 27) ~ (146.953, 22.0907)
(43, 14) ~ (133.539, 35.6931)
(43, 15) ~ (134.539, 34.7131)
(43, 16) ~ (135.539, 33.7343)
(43, 17) ~ (136.539, 32.7567)
(49, 28) ~ (148.368, 21.0238)
(49, 29) ~ (149.368, 20.025)
(49, 30) ~ (150.368, 19.0263)
(34, 29) ~ (143.782, 25.6125)
(49, 31) ~ (151.368, 18.0278)
(44, 17) ~ (136.953, 32.5576)
(45, 18) ~ (138.368, 31.4006)
(45, 19) ~ (139.368, 30.4138)
(45, 20) ~ (140.368, 29.4279)
(43, 13) ~ (133.125, 36.6742)
(45, 21) ~ (141.368, 28.4429)
(48, 31) ~ (151.782, 18.1108)
(49, 27) ~ (147.953, 22.0227)
(4, 47) ~ (123.983, 46.0435)
(45, 17) ~ (137.953, 32.3883)
(47, 31) ~ (152.782, 18.2483)
(33, 29) ~ (144.782, 26.2488)
(46, 17) ~ (138.953, 32.249)
(49, 26) ~ (148.368, 23.0217)
(47, 18) ~ (140.368, 31.1448)
(47, 19) ~ (141.368, 30.1496)
(47, 20) ~ (142.368, 29.1548)
(47, 21) ~ (143.368, 28.1603)
(47, 22) ~ (144.368, 27.1662)
(47, 23) ~ (145.368, 26.1725)
(47, 24) ~ (146.368, 25.1794)
(47, 25) ~ (147.368, 24.1868)
(48, 25) ~ (147.782, 24.0832)
(3, 47) ~ (124.983, 47.0425)
(47, 17) ~ (139.953, 32.1403)
(46, 31) ~ (153.782, 18.4391)
(3, 48) ~ (125.397, 47.0106)
(32, 29) ~ (145.782, 26.9072)
(49, 25) ~ (148.782, 24.0208)
(4, 49) ~ (126.811, 46)
(5, 49) ~ (127.811, 45)
(6, 49) ~ (128.811, 44)
(7, 49) ~ (129.811, 43)
(8, 49) ~ (130.811, 42)
(9, 49) ~ (131.811, 41)
(10, 49) ~ (132.811, 40)
(11, 49) ~ (133.811, 39)
(12, 49) ~ (134.811, 38)
(13, 49) ~ (135.811, 37)
(14, 49) ~ (136.811, 36)
(15, 49) ~ (137.811, 35)
(45, 32) ~ (155.196, 17.72)
(45, 33) ~ (156.196, 16.7631)
(45, 34) ~ (157.196, 15.8114)
(45, 35) ~ (158.196, 14.8661)
(9, 48) ~ (132.225, 41.0122)
(15, 48) ~ (138.225, 35.0143)
(3, 49) ~ (126.397, 47)
(45, 31) ~ (154.782, 18.6815)
(44, 35) ~ (158.61, 15.2315)
(9, 47) ~ (133.225, 41.0488)
(15, 47) ~ (139.225, 35.0571)
(31, 29) ~ (146.782, 27.5862)
(45, 30) ~ (155.196, 19.6469)
(43, 35) ~ (159.61, 15.6525)
(15, 46) ~ (140.225, 35.1283)
(31, 28) ~ (147.196, 28.3196)
(8, 47) ~ (133.64, 42.0476)
(16, 45) ~ (141.64, 34.2345)
(17, 45) ~ (142.64, 33.2415)
(17, 44) ~ (143.054, 33.3766)
(15, 45) ~ (141.225, 35.2278)
(42, 35) ~ (160.61, 16.1245)
(45, 29) ~ (156.196, 20.6155)
(46, 29) ~ (156.61, 20.3961)
(18, 43) ~ (144.468, 32.5576)
(32, 27) ~ (148.61, 28.4253)
(19, 43) ~ (145.468, 31.5753)
(31, 27) ~ (148.196, 29.0689)
(19, 44) ~ (145.882, 31.4006)
(33, 27) ~ (149.61, 27.8029)
(44, 29) ~ (156.61, 20.8806)
(20, 45) ~ (147.297, 30.2655)
(21, 45) ~ (148.297, 29.2746)
(17, 43) ~ (144.054, 33.541)
(7, 47) ~ (134.64, 43.0465)
(47, 29) ~ (157.61, 20.2237)
(14, 45) ~ (141.64, 36.2215)
(21, 46) ~ (148.711, 29.1548)
(21, 44) ~ (148.711, 29.4279)
(19, 45) ~ (146.882, 31.257)
(7, 46) ~ (135.054, 43.1045)
(41, 35) ~ (161.61, 16.6433)
(8, 45) ~ (136.468, 42.19)
(9, 45) ~ (137.468, 41.1947)
(21, 47) ~ (149.711, 29.0689)
(43, 29) ~ (157.61, 21.1896)
(9, 44) ~ (137.882, 41.3038)
(7, 45) ~ (136.054, 43.1856)
(21, 43) ~ (149.711, 29.6142)
(10, 43) ~ (139.297, 40.4475)
(11, 43) ~ (140.297, 39.4588)
(40, 35) ~ (162.61, 17.2047)
(13, 45) ~ (142.64, 37.2156)
(20, 47) ~ (150.125, 30.0666)
(9, 43) ~ (138.882, 41.4367)
(11, 42) ~ (140.711, 39.6232)
(21, 42) ~ (150.711, 29.8329)
(12, 41) ~ (142.125, 38.833)
(13, 41) ~ (143.125, 37.855)
(13, 42) ~ (143.539, 37.6563)
(39, 35) ~ (163.61, 17.8045)
(14, 43) ~ (144.953, 36.4966)
(15, 43) ~ (145.953, 35.5106)
(11, 41) ~ (141.711, 39.8121)
(21, 41) ~ (151.711, 30.0832)
(12, 45) ~ (143.64, 38.2099)
(13, 43) ~ (144.539, 37.4833)
(15, 42) ~ (146.368, 35.6931)
(19, 47) ~ (151.125, 31.0644)
(19, 48) ~ (151.539, 31.0161)
(16, 41) ~ (147.782, 34.9285)
(17, 41) ~ (148.782, 33.9559)
(18, 41) ~ (149.782, 32.9848)
(19, 41) ~ (150.782, 32.0156)
(20, 49) ~ (152.953, 30)
(21, 49) ~ (153.953, 29)
(22, 49) ~ (154.953, 28)
(23, 49) ~ (155.953, 27)
(24, 49) ~ (156.953, 26)
(25, 49) ~ (157.953, 25)
(38, 35) ~ (164.61, 18.4391)
(21, 40) ~ (152.711, 30.3645)
(15, 41) ~ (147.368, 35.9026)
(19, 40) ~ (151.196, 32.28)
(19, 49) ~ (152.539, 31)
(11, 45) ~ (144.64, 39.2046)
(11, 46) ~ (145.054, 39.1152)
(21, 39) ~ (153.711, 30.6757)
(37, 36) ~ (166.024, 18.3848)
(12, 47) ~ (146.468, 38.0526)
(13, 47) ~ (147.468, 37.054)
(37, 35) ~ (165.61, 19.105)
(37, 37) ~ (167.024, 17.6918)
(19, 39) ~ (152.196, 32.573)
(18, 49) ~ (152.953, 32)
(11, 47) ~ (146.054, 39.0512)
(36, 37) ~ (167.439, 18.4391)
(18, 39) ~ (152.61, 33.5261)
(17, 49) ~ (153.953, 33)
(17, 48) ~ (154.368, 33.0151)
(35, 37) ~ (168.439, 19.2094)
(17, 39) ~ (153.61, 34.4819)
(17, 47) ~ (155.368, 33.0606)
(35, 36) ~ (168.853, 19.8494)
(17, 38) ~ (154.024, 34.7851)
(17, 37) ~ (155.024, 35.1141)
(35, 35) ~ (169.853, 20.5183)
(16, 37) ~ (155.439, 36.0555)
(34, 35) ~ (170.267, 21.2603)
(33, 35) ~ (171.267, 22.0227)
(15, 37) ~ (156.439, 37)
(32, 35) ~ (172.267, 22.8035)
(14, 37) ~ (157.439, 37.9473)
(31, 36) ~ (173.681, 23.0217)
(31, 35) ~ (173.267, 23.6008)
(31, 37) ~ (174.681, 22.4722)
(13, 37) ~ (158.439, 38.8973)
(31, 38) ~ (175.681, 21.9545)
(13, 36) ~ (158.853, 39.2173)
(31, 39) ~ (176.681, 21.4709)
(31, 40) ~ (177.681, 21.0238)
(32, 41) ~ (179.096, 19.6977)
(33, 41) ~ (180.096, 18.7883)
(34, 41) ~ (181.096, 17.8885)
(35, 41) ~ (182.096, 17)
(12, 37) ~ (159.439, 39.8497)
(31, 41) ~ (178.681, 20.6155)
(13, 35) ~ (159.853, 39.5601)
(35, 40) ~ (182.51, 17.4929)
(36, 39) ~ (183.924, 17.2047)
(37, 40) ~ (185.338, 15.8114)
(38, 41) ~ (186.752, 14.4222)
(11, 37) ~ (160.439, 40.8044)
(37, 39) ~ (184.924, 16.4012)
(39, 41) ~ (187.752, 13.6015)
(35, 39) ~ (183.51, 18.0278)
(37, 41) ~ (186.338, 15.2643)
(11, 36) ~ (160.853, 41.1096)
(39, 40) ~ (188.167, 14.2127)
(34, 39) ~ (183.924, 18.868)
(11, 35) ~ (161.853, 41.4367)
(40, 39) ~ (189.581, 14.1421)
(41, 40) ~ (190.995, 12.7279)
(39, 39) ~ (189.167, 14.8661)
(41, 39) ~ (190.581, 13.4536)
(41, 41) ~ (191.995, 12.0416)
(41, 42) ~ (192.995, 11.4018)
(11, 34) ~ (162.853, 41.7852)
(33, 39) ~ (184.924, 19.7231)
(41, 43) ~ (193.995, 10.8167)
(12, 33) ~ (164.267, 41.2311)
(13, 33) ~ (165.267, 40.3113)
(33, 38) ~ (185.338, 20.2485)
(11, 33) ~ (163.853, 42.1545)
(40, 43) ~ (194.409, 11.6619)
(13, 32) ~ (165.681, 40.7185)
(33, 37) ~ (186.338, 20.8087)
(14, 31) ~ (167.096, 40.2492)
(15, 31) ~ (168.096, 39.3573)
(13, 31) ~ (166.681, 41.1461)
(39, 43) ~ (195.409, 12.53)
(15, 30) ~ (168.51, 39.8246)
(13, 30) ~ (167.681, 41.5933)
(15, 29) ~ (169.51, 40.3113)
(38, 43) ~ (196.409, 13.4164)
(13, 29) ~ (168.681, 42.0595)
(37, 43) ~ (197.409, 14.3178)
(37, 44) ~ (197.823, 13.9284)
(13, 28) ~ (169.681, 42.5441)
(37, 45) ~ (198.823, 13.6015)
(37, 46) ~ (199.823, 13.3417)
(14, 27) ~ (171.096, 42.19)
(15, 27) ~ (172.096, 41.3401)
(13, 27) ~ (170.681, 43.0465)
(37, 47) ~ (200.823, 13.1529)
(15, 26) ~ (172.51, 41.8808)
(36, 47) ~ (201.238, 14.1421)
(16, 25) ~ (173.924, 41.6173)
(17, 26) ~ (175.338, 40.2244)
(17, 25) ~ (174.924, 40.8044)
(15, 25) ~ (173.51, 42.4382)
(17, 27) ~ (176.338, 39.6611)
(17, 28) ~ (177.338, 39.1152)
(17, 29) ~ (178.338, 38.5876)
(35, 47) ~ (202.238, 15.1327)
(17, 30) ~ (179.338, 38.0789)
(18, 31) ~ (180.752, 36.7151)
(19, 32) ~ (182.167, 35.3553)
(19, 31) ~ (181.752, 35.8469)
(17, 31) ~ (180.338, 37.5899)
(19, 33) ~ (183.167, 34.8855)
(18, 33) ~ (183.581, 35.7771)
(34, 47) ~ (203.238, 16.1245)
(17, 33) ~ (184.581, 36.6742)
(33, 47) ~ (204.238, 17.1172)
(33, 46) ~ (204.652, 17.2627)
(34, 45) ~ (206.066, 16.4924)
(35, 45) ~ (207.066, 15.5242)
(33, 45) ~ (205.652, 17.4642)
(16, 33) ~ (185.581, 37.5766)
(35, 44) ~ (207.48, 15.8114)
(35, 43) ~ (208.48, 16.1555)
(15, 33) ~ (186.581, 38.4838)
(15, 34) ~ (186.995, 38.0789)
(16, 35) ~ (188.409, 36.7696)
(17, 35) ~ (189.409, 35.8469)
(18, 35) ~ (190.409, 34.9285)
(19, 35) ~ (191.409, 34.0147)
(19, 36) ~ (191.823, 33.6155)
(20, 37) ~ (193.238, 32.311)
(21, 37) ~ (194.238, 31.3847)
(15, 35) ~ (187.995, 37.6962)
(22, 37) ~ (195.238, 30.4631)
(23, 37) ~ (196.238, 29.5466)
(34, 43) ~ (208.895, 17.088)
(19, 37) ~ (192.823, 33.2415)
(23, 36) ~ (196.652, 29.9666)
(24, 35) ~ (198.066, 29.5296)
(25, 35) ~ (199.066, 28.6531)
(33, 43) ~ (209.895, 18.0278)
(23, 35) ~ (197.652, 30.4138)
(23, 34) ~ (198.652, 30.8869)
(32, 43) ~ (210.895, 18.9737)
(23, 33) ~ (199.652, 31.3847)
(31, 43) ~ (211.895, 19.9249)
(23, 32) ~ (200.652, 31.9061)
(24, 31) ~ (202.066, 31.6228)
(25, 32) ~ (203.48, 30.2324)
(26, 33) ~ (204.895, 28.8444)
(27, 34) ~ (206.309, 27.4591)
(30, 43) ~ (212.895, 20.8806)
(28, 35) ~ (207.723, 26.0768)
(29, 36) ~ (209.137, 24.6982)
(25, 31) ~ (203.066, 30.8058)
(27, 33) ~ (205.895, 28.0179)
(29, 35) ~ (208.723, 25.2389)
(23, 31) ~ (201.652, 32.45)
(25, 33) ~ (204.48, 29.6816)
(27, 35) ~ (207.309, 26.9258)
(29, 37) ~ (210.137, 24.1868)
(27, 36) ~ (208.309, 26.4197)
(29, 38) ~ (211.137, 23.7065)
(27, 37) ~ (209.309, 25.9422)
(29, 39) ~ (212.137, 23.2594)
(29, 43) ~ (213.895, 21.8403)
(29, 44) ~ (214.309, 21.587)
(26, 37) ~ (209.723, 26.8328)
(29, 45) ~ (215.309, 21.3776)
(28, 39) ~ (212.551, 24.1661)
(29, 46) ~ (216.309, 21.2132)
(30, 47) ~ (217.723, 20.0998)
(31, 47) ~ (218.723, 19.105)
(31, 48) ~ (219.137, 19.0263)
(31, 46) ~ (219.137, 19.2354)
(29, 47) ~ (217.309, 21.095)
(25, 38) ~ (211.137, 27.313)
(25, 37) ~ (210.723, 27.7308)
(32, 49) ~ (220.551, 18)
(33, 49) ~ (221.551, 17)
(34, 49) ~ (222.551, 16)
(35, 49) ~ (223.551, 15)
(36, 49) ~ (224.551, 14)
(37, 49) ~ (225.551, 13)
(38, 49) ~ (226.551, 12)
(39, 49) ~ (227.551, 11)
(40, 49) ~ (228.551, 10)
(41, 49) ~ (229.551, 9)
(27, 39) ~ (213.551, 25.0799)
(27, 40) ~ (213.966, 24.6982)
(28, 41) ~ (215.38, 23.4094)
(29, 41) ~ (216.38, 22.4722)
(41, 48) ~ (229.966, 9.05539)
(25, 39) ~ (212.137, 26.9258)
(31, 49) ~ (220.137, 19)
(27, 41) ~ (214.966, 24.3516)
(31, 45) ~ (220.137, 19.4165)
(42, 47) ~ (231.38, 8.24621)
(43, 47) ~ (232.38, 7.28011)
(41, 47) ~ (230.966, 9.21954)
(24, 39) ~ (212.551, 27.8568)
(43, 46) ~ (232.794, 7.61577)
(30, 49) ~ (220.551, 20)
(26, 41) ~ (215.38, 25.2982)
(43, 45) ~ (233.794, 8.06226)
(23, 39) ~ (213.551, 28.7924)
(23, 40) ~ (213.966, 28.4605)
(29, 49) ~ (221.551, 21)
(25, 41) ~ (216.38, 26.2488)
(25, 42) ~ (216.794, 25.9615)
(23, 41) ~ (214.966, 28.1603)
(42, 45) ~ (234.208, 8.94427)
(43, 44) ~ (234.794, 8.60233)
(25, 43) ~ (217.794, 25.7099)
(23, 42) ~ (215.966, 27.8927)
(25, 44) ~ (218.794, 25.4951)
(26, 45) ~ (220.208, 24.3311)
(28, 49) ~ (222.551, 22)
(27, 45) ~ (221.208, 23.3452)
(23, 43) ~ (216.966, 27.6586)
(44, 43) ~ (236.208, 8.48528)
(43, 43) ~ (235.794, 9.21954)
(45, 43) ~ (237.208, 7.81025)
(41, 45) ~ (235.208, 9.84886)
(25, 45) ~ (219.794, 25.318)
(27, 44) ~ (221.622, 23.5372)
(23, 44) ~ (217.966, 27.4591)
(45, 42) ~ (237.622, 8.60233)
(23, 45) ~ (218.966, 27.2947)
(27, 43) ~ (222.622, 23.7697)
(27, 49) ~ (223.551, 23)
(40, 45) ~ (236.208, 10.7703)
(27, 48) ~ (223.966, 23.0217)
(23, 46) ~ (219.966, 27.1662)
(24, 47) ~ (221.38, 26.0768)
(25, 47) ~ (222.38, 25.0799)
(26, 47) ~ (223.38, 24.0832)
(27, 47) ~ (224.38, 23.0868)
(23, 47) ~ (220.966, 27.074)
(45, 41) ~ (238.622, 9.43398)
(39, 45) ~ (237.208, 11.7047)
(39, 46) ~ (237.622, 11.4018)
(39, 47) ~ (238.622, 11.1803)
(45, 40) ~ (239.622, 10.2956)
(45, 39) ~ (240.622, 11.1803)
(44, 39) ~ (241.037, 11.6619)
(43, 40) ~ (242.451, 11.4018)
(43, 41) ~ (243.451, 10.6301)
(43, 39) ~ (242.037, 12.2066)
(43, 38) ~ (242.451, 13.0384)
(44, 37) ~ (243.865, 13.4164)
(43, 37) ~ (243.451, 13.8924)
(45, 37) ~ (244.865, 13)
(42, 37) ~ (243.865, 14.4222)
(46, 37) ~ (245.865, 12.6491)
(47, 38) ~ (247.279, 11.4018)
(47, 39) ~ (248.279, 10.4403)
(48, 39) ~ (248.694, 10.198)
(49, 40) ~ (250.108, 9.05539)
(49, 41) ~ (251.108, 8.06226)
(47, 37) ~ (246.865, 12.3693)
(49, 39) ~ (249.694, 10.0499)
(48, 41) ~ (251.522, 8.24621)
(41, 37) ~ (244.865, 15)
(47, 42) ~ (252.936, 7.61577)
(47, 43) ~ (253.936, 6.7082)
(47, 44) ~ (254.936, 5.83095)
(48, 45) ~ (256.35, 4.47214)
(49, 46) ~ (257.765, 3.16228)
(47, 45) ~ (255.936, 5)
(49, 47) ~ (258.765, 2.23607)
(47, 41) ~ (252.522, 8.544)
(49, 38) ~ (250.108, 11.0454)
(47, 46) ~ (256.936, 4.24264)
(49, 45) ~ (257.35, 4.12311)
(40, 37) ~ (245.865, 15.6205)
(47, 47) ~ (257.936, 3.60555)
(46, 47) ~ (258.35, 4.47214)
(49, 44) ~ (257.765, 5.09902)
(39, 37) ~ (246.865, 16.2788)
(49, 37) ~ (251.108, 12.0416)
(45, 47) ~ (259.35, 5.38516)
(49, 43) ~ (258.765, 6.08276)
(45, 48) ~ (259.765, 5.09902)
(49, 36) ~ (252.108, 13.0384)
(46, 49) ~ (261.179, 4)
(47, 49) ~ (262.179, 3)
(48, 49) ~ (263.179, 2)
(49, 49) ~ (264.179, 1)
(50, 49) ~ (265.179, 0)
(1, 0) ~ (0, 49)
(2, 1) ~ (1.41421, 48)
(3, 2) ~ (2.82843, 47)
(1, 1) ~ (1, 49)
(3, 1) ~ (2.41421, 48)
(1, 2) ~ (2, 49)
(4, 1) ~ (3.41421, 48)
(5, 2) ~ (4.82843, 47)
(5, 3) ~ (5.82843, 46)
(5, 4) ~ (6.82843, 45)
(1, 3) ~ (3, 49)
(6, 5) ~ (8.24264, 44)
(5, 1) ~ (4.41421, 48)
(5, 5) ~ (7.82843, 45)
(1, 4) ~ (4, 49)
(7, 5) ~ (9.24264, 44)
(2, 5) ~ (5.41421, 48)
(3, 5) ~ (6.41421, 47)
(3, 4) ~ (6.82843, 47)
(3, 6) ~ (6.82843, 47)
(1, 5) ~ (5, 49)
(7, 4) ~ (9.65685, 45)
(3, 7) ~ (7.82843, 47)
(3, 8) ~ (8.82843, 47)
(4, 9) ~ (10.2426, 46)
(5, 9) ~ (11.2426, 45)
(2, 7) ~ (8.24264, 48)
(5, 8) ~ (11.6569, 45)
(7, 3) ~ (10.6569, 46)
(3, 9) ~ (9.82843, 47)
(6, 7) ~ (13.0711, 44)
(7, 7) ~ (14.0711, 43)
(7, 8) ~ (14.4853, 43)
(5, 7) ~ (12.6569, 45)
(8, 9) ~ (15.8995, 42)
(9, 9) ~ (16.8995, 41)
(1, 7) ~ (9.24264, 49)
(9, 8) ~ (17.3137, 41)
(7, 9) ~ (15.4853, 43)
(7, 2) ~ (11.6569, 47)
(1, 8) ~ (9.65685, 49)
(1, 9) ~ (10.6569, 49)
(9, 7) ~ (18.3137, 42)
(7, 1) ~ (12.6569, 48)
(1, 10) ~ (11.6569, 49)
(8, 1) ~ (13.0711, 48)
(2, 11) ~ (13.0711, 48)
(3, 11) ~ (14.0711, 47)
(3, 12) ~ (14.4853, 47)
(1, 11) ~ (12.6569, 49)
(9, 1) ~ (14.0711, 48)
(9, 6) ~ (19.3137, 43)
(3, 13) ~ (15.4853, 47)
(1, 12) ~ (13.6569, 49)
(10, 1) ~ (15.0711, 48)
(3, 14) ~ (16.4853, 47)
(1, 13) ~ (14.6569, 49)
(4, 15) ~ (17.8995, 46)
(5, 15) ~ (18.8995, 45)
(6, 15) ~ (19.8995, 44)
(7, 15) ~ (20.8995, 43)
(11, 1) ~ (16.0711, 48)
(7, 14) ~ (21.3137, 43)
(9, 5) ~ (20.3137, 44)
(3, 15) ~ (17.4853, 47)
(1, 14) ~ (15.6569, 49)
(10, 5) ~ (20.7279, 44)
(12, 1) ~ (17.0711, 48)
(11, 6) ~ (22.1421, 43)
(11, 7) ~ (23.1421, 42)
(11, 8) ~ (24.1421, 41)
(11, 9) ~ (25.1421, 40)
(7, 13) ~ (22.3137, 43)
(1, 15) ~ (16.6569, 49)
(11, 5) ~ (21.7279, 44)
(13, 1) ~ (18.0711, 48)
(1, 16) ~ (17.6569, 49)
(6, 13) ~ (22.7279, 44)
(14, 1) ~ (19.0711, 48)
(11, 4) ~ (22.1421, 45)
(15, 2) ~ (20.4853, 47)
(15, 3) ~ (21.4853, 46)
(15, 4) ~ (22.4853, 45)
(15, 5) ~ (23.4853, 44)
(1, 17) ~ (18.6569, 49)
(14, 5) ~ (23.8995, 44)
(16, 5) ~ (23.8995, 44)
(15, 1) ~ (20.0711, 48)
(13, 6) ~ (25.3137, 43)
(13, 7) ~ (26.3137, 42)
(13, 8) ~ (27.3137, 41)
(13, 9) ~ (28.3137, 40)
(17, 6) ~ (25.3137, 43)
(17, 7) ~ (26.3137, 42)
(17, 8) ~ (27.3137, 41)
(17, 9) ~ (28.3137, 40)
(1, 18) ~ (19.6569, 49)
(14, 9) ~ (28.7279, 40)
(18, 7) ~ (26.7279, 42)
(16, 7) ~ (26.7279, 42)
(5, 13) ~ (23.7279, 45)
(13, 5) ~ (24.8995, 44)
(17, 5) ~ (24.8995, 44)
(15, 10) ~ (30.1421, 39)
(15, 11) ~ (31.1421, 38)
(15, 12) ~ (32.1421, 37)
(15, 13) ~ (33.1421, 36)
(15, 14) ~ (34.1421, 35)
(5, 12) ~ (24.1421, 45)
(11, 3) ~ (23.1421, 46)
(6, 11) ~ (25.5563, 44)
(7, 11) ~ (26.5563, 43)
(8, 11) ~ (27.5563, 42)
(9, 11) ~ (28.5563, 41)
(16, 15) ~ (35.5564, 34)
(14, 13) ~ (33.5564, 36)
(16, 11) ~ (31.5563, 38)
(12, 3) ~ (23.5563, 46)
(10, 3) ~ (23.5563, 46)
(1, 19) ~ (20.6569, 49)
(15, 9) ~ (29.7279, 40)
(15, 7) ~ (27.7279, 42)
(19, 7) ~ (27.7279, 42)
(9, 12) ~ (28.9706, 41)
(15, 15) ~ (35.1421, 35)
(5, 11) ~ (25.1421, 45)
(17, 4) ~ (25.3137, 45)
(17, 15) ~ (36.5564, 34)
(17, 11) ~ (32.5563, 38)
(13, 3) ~ (24.5563, 46)
(9, 3) ~ (24.5563, 46)
(1, 20) ~ (21.6569, 49)
(9, 13) ~ (29.9706, 41)
(19, 6) ~ (28.1421, 43)
(18, 15) ~ (37.5564, 34)
(13, 13) ~ (34.5564, 37)
(18, 11) ~ (33.5563, 38)
(1, 21) ~ (22.6569, 49)
(9, 14) ~ (30.9706, 41)
(13, 12) ~ (34.9706, 37)
(13, 14) ~ (34.9706, 37)
(17, 3) ~ (26.3137, 46)
(10, 15) ~ (32.3848, 40)
(11, 15) ~ (33.3848, 39)
(19, 15) ~ (38.5564, 34)
(19, 11) ~ (34.5563, 38)
(1, 22) ~ (23.6569, 49)
(11, 14) ~ (33.799, 39)
(11, 16) ~ (33.799, 39)
(9, 15) ~ (31.9706, 41)
(13, 15) ~ (35.9706, 37)
(19, 5) ~ (29.1421, 44)
(20, 15) ~ (39.5564, 34)
(20, 5) ~ (29.5563, 44)
(1, 23) ~ (24.6569, 49)
(11, 13) ~ (34.799, 39)
(11, 17) ~ (34.799, 39)
(13, 16) ~ (36.9706, 37)
(13, 11) ~ (35.9706, 38)
(19, 10) ~ (34.9706, 39)
(17, 2) ~ (27.3137, 47)
(12, 11) ~ (36.3848, 38)
(21, 15) ~ (40.5564, 34)
(21, 5) ~ (30.5563, 44)
(11, 12) ~ (35.799, 39)
(13, 17) ~ (37.9706, 37)
(22, 15) ~ (41.5564, 34)
(22, 5) ~ (31.5563, 44)
(11, 11) ~ (36.799, 39)
(23, 16) ~ (42.9706, 33)
(23, 17) ~ (43.9706, 32)
(13, 18) ~ (38.9706, 37)
(19, 9) ~ (35.9706, 40)
(17, 1) ~ (28.3137, 48)
(24, 17) ~ (44.3848, 32)
(20, 9) ~ (36.3848, 40)
(23, 15) ~ (42.5564, 34)
(23, 5) ~ (32.5563, 44)
(13, 19) ~ (39.9706, 37)
(25, 17) ~ (45.3848, 32)
(21, 9) ~ (37.3848, 40)
(23, 4) ~ (32.9706, 45)
(26, 17) ~ (46.3848, 32)
(12, 19) ~ (40.3848, 38)
(27, 18) ~ (47.799, 31)
(27, 19) ~ (48.799, 30)
(25, 16) ~ (45.799, 33)
(21, 8) ~ (37.799, 41)
(28, 19) ~ (49.2132, 30)
(27, 17) ~ (47.3848, 32)
(29, 20) ~ (50.6274, 29)
(29, 21) ~ (51.6274, 28)
(23, 3) ~ (33.9706, 46)
(28, 21) ~ (52.0416, 28)
(30, 21) ~ (52.0416, 28)
(29, 19) ~ (50.2132, 30)
(11, 19) ~ (41.3848, 39)
(22, 3) ~ (34.3848, 46)
(25, 15) ~ (46.799, 34)
(11, 20) ~ (41.799, 39)
(21, 7) ~ (38.799, 42)
(27, 21) ~ (53.0416, 28)
(31, 21) ~ (53.0416, 28)
(22, 7) ~ (39.2132, 42)
(21, 3) ~ (35.3848, 46)
(11, 21) ~ (42.799, 39)
(26, 21) ~ (54.0416, 28)
(23, 7) ~ (40.2132, 42)
(20, 3) ~ (36.3848, 46)
(31, 20) ~ (53.4559, 29)
(25, 14) ~ (47.799, 35)
(11, 22) ~ (43.799, 39)
(25, 21) ~ (55.0416, 28)
(12, 23) ~ (45.2132, 38)
(13, 23) ~ (46.2132, 37)
(24, 7) ~ (41.2132, 42)
(19, 3) ~ (37.3848, 46)
(13, 24) ~ (46.6274, 37)
(11, 23) ~ (44.799, 39)
(24, 21) ~ (56.0416, 28)
(25, 7) ~ (42.2132, 42)
(23, 22) ~ (57.4559, 27)
(31, 19) ~ (54.4559, 30)
(13, 25) ~ (47.6274, 37)
(25, 13) ~ (48.799, 36)
(19, 2) ~ (37.799, 47)
(32, 19) ~ (54.8701, 30)
(23, 21) ~ (57.0416, 28)
(24, 13) ~ (49.2132, 36)
(10, 23) ~ (45.2132, 40)
(23, 23) ~ (58.4559, 27)
(25, 6) ~ (42.6274, 43)
(33, 19) ~ (55.8701, 30)
(12, 25) ~ (48.0416, 38)
(23, 13) ~ (50.2132, 36)
(19, 1) ~ (38.799, 48)
(22, 23) ~ (58.8701, 28)
(34, 19) ~ (56.8701, 30)
(9, 23) ~ (46.2132, 41)
(20, 1) ~ (39.2132, 48)
(23, 12) ~ (50.6274, 37)
(25, 5) ~ (43.6274, 44)
(35, 19) ~ (57.8701, 30)
(11, 25) ~ (49.0416, 39)
(26, 5) ~ (44.0416, 44)
(21, 1) ~ (40.2132, 48)
(21, 23) ~ (59.8701, 29)
(36, 19) ~ (58.8701, 30)
(27, 5) ~ (45.0416, 44)
(22, 1) ~ (41.2132, 48)
(21, 24) ~ (60.2843, 29)
(37, 20) ~ (60.2843, 29)
(37, 21) ~ (61.2843, 28)
(23, 11) ~ (51.6274, 38)
(22, 25) ~ (61.6985, 28)
(23, 25) ~ (62.6985, 27)
(24, 25) ~ (63.6985, 26)
(25, 25) ~ (64.6985, 25)
(26, 25) ~ (65.6985, 24)
(36, 21) ~ (61.6985, 28)
(37, 19) ~ (59.8701, 30)
(22, 11) ~ (52.0416, 38)
(10, 25) ~ (50.0416, 40)
(28, 5) ~ (46.0416, 44)
(27, 26) ~ (67.1127, 23)
(23, 26) ~ (63.1127, 27)
(23, 1) ~ (42.2132, 48)
(21, 25) ~ (61.2843, 29)
(21, 12) ~ (53.4559, 37)
(21, 13) ~ (54.4559, 36)
(29, 6) ~ (47.4559, 43)
(29, 7) ~ (48.4559, 42)
(24, 27) ~ (64.5269, 26)
(25, 27) ~ (65.5269, 25)
(27, 25) ~ (66.6985, 24)
(35, 21) ~ (62.6985, 28)
(20, 13) ~ (54.8701, 36)
(28, 7) ~ (48.8701, 42)
(25, 28) ~ (65.9411, 25)
(21, 11) ~ (53.0416, 38)
(29, 5) ~ (47.0416, 44)
(27, 27) ~ (68.1127, 23)
(23, 27) ~ (64.1127, 27)
(24, 1) ~ (43.2132, 48)
(37, 18) ~ (60.2843, 31)
(27, 8) ~ (50.2843, 41)
(27, 9) ~ (51.2843, 40)
(23, 10) ~ (52.6274, 39)
(25, 2) ~ (44.6274, 47)
(25, 3) ~ (45.6274, 46)
(34, 21) ~ (63.6985, 28)
(20, 25) ~ (61.6985, 30)
(26, 9) ~ (51.6985, 40)
(19, 13) ~ (55.8701, 36)
(27, 7) ~ (49.8701, 42)
(25, 29) ~ (66.9411, 25)
(9, 25) ~ (51.0416, 41)
(26, 3) ~ (46.0416, 46)
(27, 28) ~ (69.1127, 23)
(27, 24) ~ (67.1127, 25)
(33, 22) ~ (65.1127, 27)
(33, 23) ~ (66.1127, 26)
(25, 10) ~ (53.1127, 39)
(25, 11) ~ (54.1127, 38)
(25, 1) ~ (44.2132, 48)
(34, 23) ~ (66.5269, 26)
(26, 11) ~ (54.5269, 38)
(33, 21) ~ (64.6985, 28)
(25, 9) ~ (52.6985, 40)
(18, 13) ~ (56.8701, 36)
(27, 12) ~ (55.9411, 37)
(27, 13) ~ (56.9411, 36)
(27, 14) ~ (57.9411, 35)
(27, 15) ~ (58.9411, 34)
(27, 3) ~ (47.0416, 46)
(27, 29) ~ (70.1127, 23)
(37, 17) ~ (61.2843, 32)
(24, 29) ~ (67.3554, 26)
(28, 15) ~ (59.3554, 34)
(35, 23) ~ (67.5269, 26)
(27, 11) ~ (55.5269, 38)
(23, 9) ~ (53.6274, 40)
(19, 25) ~ (62.6985, 31)
(36, 17) ~ (61.6985, 32)
(17, 13) ~ (57.8701, 36)
(8, 25) ~ (52.0416, 42)
(27, 30) ~ (71.1127, 23)
(27, 23) ~ (68.1127, 26)
(19, 24) ~ (63.1127, 31)
(19, 26) ~ (63.1127, 31)
(29, 15) ~ (60.3554, 34)
(27, 2) ~ (47.4559, 47)
(26, 23) ~ (68.5269, 26)
(20, 27) ~ (64.5269, 30)
(21, 27) ~ (65.5269, 29)
(35, 17) ~ (62.6985, 32)
(21, 28) ~ (65.9411, 29)
(27, 31) ~ (72.1127, 23)
(19, 27) ~ (64.1127, 31)
(19, 23) ~ (64.1127, 31)
(23, 29) ~ (68.3554, 27)
(22, 29) ~ (67.3554, 28)
(30, 15) ~ (61.3554, 34)
(25, 23) ~ (69.5269, 26)
(34, 17) ~ (63.6985, 32)
(21, 29) ~ (66.9411, 29)
(7, 25) ~ (53.0416, 43)
(19, 22) ~ (65.1127, 31)
(31, 15) ~ (62.3554, 34)
(7, 24) ~ (53.4559, 43)
(27, 1) ~ (48.4559, 48)
(33, 17) ~ (64.6985, 32)
(28, 1) ~ (48.8701, 48)
(21, 30) ~ (67.9411, 29)
(19, 21) ~ (66.1127, 31)
(29, 2) ~ (50.2843, 47)
(29, 3) ~ (51.2843, 46)
(20, 29) ~ (67.3554, 30)
(32, 15) ~ (63.3554, 34)
(7, 23) ~ (54.4559, 43)
(32, 17) ~ (65.6985, 32)
(30, 3) ~ (51.6985, 46)
(29, 1) ~ (49.8701, 48)
(21, 31) ~ (68.9411, 29)
(6, 25) ~ (54.0416, 44)
(19, 20) ~ (67.1127, 31)
(31, 4) ~ (53.1127, 45)
(31, 5) ~ (54.1127, 44)
(31, 6) ~ (55.1127, 43)
(31, 7) ~ (56.1127, 42)
(33, 15) ~ (64.3554, 34)
(7, 22) ~ (55.4559, 43)
(32, 5) ~ (54.5269, 44)
(31, 17) ~ (66.6985, 32)
(31, 3) ~ (52.6985, 46)
(8, 21) ~ (56.8701, 42)
(9, 21) ~ (57.8701, 41)
(30, 1) ~ (50.8701, 48)
(21, 32) ~ (69.9411, 29)
(19, 19) ~ (68.1127, 31)
(9, 20) ~ (58.2843, 41)
(19, 29) ~ (68.3554, 31)
(34, 15) ~ (65.3554, 34)
(7, 21) ~ (56.4559, 43)
(33, 5) ~ (55.5269, 44)
(30, 17) ~ (67.6985, 32)
(31, 1) ~ (51.8701, 48)
(21, 33) ~ (70.9411, 29)
(5, 25) ~ (55.0416, 45)
(19, 18) ~ (69.1127, 31)
(9, 19) ~ (59.2843, 41)
(35, 15) ~ (66.3554, 34)
(5, 24) ~ (55.4559, 45)
(34, 5) ~ (56.5269, 44)
(29, 17) ~ (68.6985, 32)
(32, 1) ~ (52.8701, 48)
(21, 34) ~ (71.9411, 29)
(9, 18) ~ (60.2843, 41)
(33, 2) ~ (54.2843, 47)
(33, 3) ~ (55.2843, 46)
(36, 15) ~ (67.3554, 34)
(5, 23) ~ (56.4559, 45)
(35, 5) ~ (57.5269, 44)
(33, 1) ~ (53.8701, 48)
(21, 35) ~ (72.9411, 29)
(19, 17) ~ (70.1127, 32)
(9, 17) ~ (61.2843, 41)
(37, 15) ~ (68.3554, 34)
(5, 22) ~ (57.4559, 45)
(20, 17) ~ (70.5269, 32)
(18, 17) ~ (70.5269, 32)
(21, 18) ~ (71.9411, 31)
(21, 19) ~ (72.9411, 30)
(21, 20) ~ (73.9411, 29)
(35, 4) ~ (57.9411, 45)
(22, 19) ~ (73.3554, 30)
(38, 15) ~ (69.3554, 34)
(5, 21) ~ (58.4559, 45)
(21, 17) ~ (71.5269, 32)
(8, 17) ~ (61.6985, 42)
(39, 16) ~ (70.7696, 33)
(39, 17) ~ (71.7696, 32)
(39, 18) ~ (72.7696, 31)
(39, 19) ~ (73.7696, 30)
(39, 20) ~ (74.7696, 29)
(39, 21) ~ (75.7696, 28)
(21, 21) ~ (74.9411, 29)
(40, 21) ~ (76.1838, 28)
(23, 19) ~ (74.3554, 30)
(39, 15) ~ (70.3554, 34)
(5, 20) ~ (59.4559, 45)
(17, 17) ~ (71.5269, 33)
(6, 19) ~ (60.8701, 44)
(7, 19) ~ (61.8701, 43)
(17, 18) ~ (71.9411, 33)
(35, 3) ~ (58.9411, 46)
(41, 21) ~ (77.1838, 28)
(24, 19) ~ (75.3554, 30)
(5, 19) ~ (60.4559, 45)
(7, 17) ~ (62.6985, 43)
(17, 19) ~ (72.9411, 33)
(25, 19) ~ (76.3554, 30)
(41, 20) ~ (77.598, 29)
(35, 2) ~ (59.9411, 47)
(16, 19) ~ (73.3554, 34)
(6, 17) ~ (63.6985, 44)
(41, 19) ~ (78.598, 30)
(35, 1) ~ (60.9411, 48)
(42, 19) ~ (79.0122, 30)
(15, 19) ~ (74.3554, 35)
(36, 1) ~ (61.3554, 48)
(43, 20) ~ (80.4264, 29)
(43, 21) ~ (81.4264, 28)
(43, 22) ~ (82.4264, 27)
(43, 23) ~ (83.4264, 26)
(5, 17) ~ (64.6985, 45)
(15, 18) ~ (74.7696, 35)
(15, 20) ~ (74.7696, 35)
(37, 2) ~ (62.7696, 47)
(37, 3) ~ (63.7696, 46)
(37, 4) ~ (64.7696, 45)
(37, 5) ~ (65.7696, 44)
(44, 23) ~ (83.8407, 26)
(43, 19) ~ (80.0122, 30)
(16, 21) ~ (76.1838, 34)
(17, 21) ~ (77.1838, 33)
(38, 5) ~ (66.1838, 44)
(45, 24) ~ (85.2549, 25)
(45, 25) ~ (86.2549, 24)
(37, 1) ~ (62.3554, 48)
(17, 22) ~ (77.598, 33)
(44, 25) ~ (86.6691, 24)
(15, 21) ~ (75.7696, 35)
(15, 17) ~ (75.7696, 35)
(45, 23) ~ (84.8407, 26)
(39, 5) ~ (67.1838, 44)
(17, 23) ~ (78.598, 33)
(43, 25) ~ (87.6691, 24)
(4, 17) ~ (65.6985, 46)
(14, 21) ~ (76.1838, 36)
(39, 4) ~ (67.598, 45)
(42, 25) ~ (88.6691, 24)
(16, 23) ~ (79.0122, 34)
(41, 25) ~ (89.6691, 24)
(3, 17) ~ (66.6985, 47)
(3, 18) ~ (67.1127, 47)
(13, 21) ~ (77.1838, 37)
(39, 3) ~ (68.598, 46)
(40, 25) ~ (90.6691, 24)
(15, 23) ~ (80.0122, 35)
(3, 19) ~ (68.1127, 47)
(39, 25) ~ (91.6691, 24)
(3, 20) ~ (69.1127, 47)
(39, 2) ~ (69.598, 47)
(39, 24) ~ (92.0833, 25)
(3, 21) ~ (70.1127, 47)
(3, 22) ~ (71.1127, 47)
(39, 1) ~ (70.598, 48)
(40, 1) ~ (71.0122, 48)
(39, 23) ~ (93.0833, 26)
(3, 23) ~ (72.1127, 47)
(40, 23) ~ (93.4975, 26)
(38, 23) ~ (93.4975, 26)
(37, 24) ~ (94.9117, 25)
(37, 25) ~ (95.9117, 24)
(37, 26) ~ (96.9117, 23)
(37, 27) ~ (97.9117, 22)
(41, 1) ~ (72.0122, 48)
(3, 24) ~ (73.1127, 47)
(36, 27) ~ (98.3259, 22)
(37, 23) ~ (94.4975, 26)
(41, 23) ~ (94.4975, 26)
(42, 1) ~ (73.0122, 48)
(3, 25) ~ (74.1127, 47)
(35, 27) ~ (99.3259, 22)
(43, 2) ~ (74.4264, 47)
(43, 3) ~ (75.4264, 46)
(42, 3) ~ (75.8407, 46)
(43, 1) ~ (74.0122, 48)
(3, 26) ~ (75.1127, 47)
(41, 4) ~ (77.2549, 45)
(41, 5) ~ (78.2549, 44)
(41, 6) ~ (79.2549, 43)
(41, 7) ~ (80.2549, 42)
(41, 8) ~ (81.2549, 41)
(41, 9) ~ (82.2549, 40)
(2, 25) ~ (74.5269, 48)
(40, 9) ~ (82.6691, 40)
(35, 26) ~ (99.7402, 23)
(41, 3) ~ (76.8407, 46)
(44, 1) ~ (75.0122, 48)
(3, 27) ~ (76.1127, 47)
(39, 9) ~ (83.6691, 40)
(45, 1) ~ (76.0122, 48)
(3, 28) ~ (77.1127, 47)
(1, 25) ~ (75.5269, 49)
(35, 25) ~ (100.74, 24)
(1, 26) ~ (75.9411, 49)
(46, 1) ~ (77.0122, 48)
(39, 8) ~ (84.0833, 41)
(3, 29) ~ (78.1127, 47)
(34, 25) ~ (101.154, 24)
(1, 27) ~ (76.9411, 49)
(47, 1) ~ (78.0122, 48)
(3, 30) ~ (79.1127, 47)
(33, 25) ~ (102.154, 24)
(1, 28) ~ (77.9411, 49)
(48, 1) ~ (79.0122, 48)
(39, 7) ~ (85.0833, 42)
(3, 31) ~ (80.1127, 47)
(32, 25) ~ (103.154, 24)
(49, 2) ~ (80.4264, 47)
(49, 3) ~ (81.4264, 46)
(38, 7) ~ (85.4975, 42)
(48, 3) ~ (81.8407, 46)
(37, 8) ~ (86.9117, 41)
(37, 9) ~ (87.9117, 40)
(37, 10) ~ (88.9117, 39)
(37, 11) ~ (89.9117, 38)
(1, 29) ~ (78.9411, 49)
(49, 1) ~ (80.0122, 48)
(31, 25) ~ (104.154, 24)
(47, 4) ~ (83.2549, 45)
(47, 5) ~ (84.2549, 44)
(36, 11) ~ (90.3259, 38)
(36, 9) ~ (88.3259, 40)
(37, 7) ~ (86.4975, 42)
(48, 5) ~ (84.6691, 44)
(47, 3) ~ (82.8407, 46)
(1, 30) ~ (79.9411, 49)
(49, 6) ~ (86.0833, 43)
(49, 7) ~ (87.0833, 42)
(35, 11) ~ (91.3259, 38)
(35, 9) ~ (89.3259, 40)
(48, 7) ~ (87.4975, 42)
(31, 24) ~ (104.569, 25)
(49, 5) ~ (85.6691, 44)
(1, 31) ~ (80.9411, 49)
(34, 11) ~ (92.3259, 38)
(47, 7) ~ (88.4975, 42)
(35, 8) ~ (89.7402, 41)
(1, 32) ~ (81.9411, 49)
(33, 11) ~ (93.3259, 38)
(46, 7) ~ (89.4975, 42)
(31, 23) ~ (105.569, 26)
(45, 8) ~ (90.9117, 41)
(45, 9) ~ (91.9117, 40)
(1, 33) ~ (82.9411, 49)
(30, 23) ~ (105.983, 26)
(32, 11) ~ (94.3259, 38)
(44, 9) ~ (92.3259, 40)
(29, 24) ~ (107.397, 25)
(29, 25) ~ (108.397, 24)
(29, 26) ~ (109.397, 23)
(29, 27) ~ (110.397, 22)
(29, 28) ~ (111.397, 21)
(45, 7) ~ (90.4975, 42)
(35, 7) ~ (90.7402, 42)
(1, 34) ~ (83.9411, 49)
(29, 23) ~ (106.983, 26)
(34, 7) ~ (91.1544, 42)
(31, 11) ~ (95.3259, 38)
(43, 9) ~ (93.3259, 40)
(2, 35) ~ (85.3554, 48)
(3, 35) ~ (86.3554, 47)
(29, 29) ~ (112.397, 21)
(33, 8) ~ (92.5686, 41)
(33, 9) ~ (93.5686, 40)
(3, 34) ~ (86.7696, 47)
(1, 35) ~ (84.9411, 49)
(32, 9) ~ (93.9828, 40)
(33, 7) ~ (92.1544, 42)
(4, 33) ~ (88.1838, 46)
(5, 33) ~ (89.1838, 45)
(29, 30) ~ (113.397, 21)
(5, 32) ~ (89.598, 45)
(43, 8) ~ (93.7402, 41)
(3, 33) ~ (87.7696, 47)
(1, 36) ~ (85.9411, 49)
(31, 9) ~ (94.9828, 40)
(6, 31) ~ (91.0122, 44)
(7, 31) ~ (92.0122, 43)
(2, 37) ~ (87.3554, 48)
(3, 37) ~ (88.3554, 47)
(29, 31) ~ (114.397, 21)
(7, 30) ~ (92.4264, 43)
(5, 31) ~ (90.598, 45)
(3, 38) ~ (88.7696, 47)
(8, 29) ~ (93.8407, 42)
(9, 29) ~ (94.8407, 41)
(1, 37) ~ (86.9411, 49)
(30, 9) ~ (95.9828, 40)
(29, 32) ~ (115.397, 21)
(29, 10) ~ (97.397, 39)
(29, 11) ~ (98.397, 38)
(29, 12) ~ (99.397, 37)
(29, 13) ~ (100.397, 36)
(7, 29) ~ (93.4264, 43)
(5, 30) ~ (91.598, 45)
(43, 7) ~ (94.7402, 42)
(3, 39) ~ (89.7696, 47)
(30, 33) ~ (116.811, 20)
(31, 33) ~ (117.811, 19)
(30, 13) ~ (100.811, 36)
(29, 9) ~ (96.9828, 40)
(31, 32) ~ (118.225, 19)
(29, 33) ~ (116.397, 21)
(5, 29) ~ (92.598, 45)
(32, 31) ~ (119.64, 18)
(31, 13) ~ (101.811, 36)
(33, 32) ~ (121.054, 17)
(2, 39) ~ (90.1838, 48)
(31, 31) ~ (119.225, 19)
(34, 33) ~ (122.468, 16)
(5, 28) ~ (93.598, 45)
(33, 31) ~ (120.64, 18)
(43, 6) ~ (95.7402, 43)
(32, 13) ~ (102.811, 36)
(6, 27) ~ (95.0122, 44)
(7, 27) ~ (96.0122, 43)
(8, 27) ~ (97.0122, 42)
(9, 27) ~ (98.0122, 41)
(10, 27) ~ (99.0122, 40)
(11, 27) ~ (100.012, 39)
(33, 33) ~ (122.054, 17)
(11, 28) ~ (100.426, 39)
(35, 33) ~ (123.468, 16)
(5, 27) ~ (94.598, 45)
(33, 13) ~ (103.811, 36)
(1, 39) ~ (91.1838, 49)
(11, 29) ~ (101.426, 39)
(36, 33) ~ (124.468, 16)
(1, 40) ~ (91.598, 49)
(43, 5) ~ (96.7402, 44)
(34, 13) ~ (104.811, 36)
(2, 41) ~ (93.0122, 48)
(3, 41) ~ (94.0122, 47)
(4, 41) ~ (95.0122, 46)
(5, 41) ~ (96.0122, 45)
(44, 5) ~ (97.1544, 44)
(11, 30) ~ (102.426, 39)
(5, 40) ~ (96.4264, 45)
(3, 42) ~ (94.4264, 47)
(37, 33) ~ (125.468, 16)
(1, 41) ~ (92.598, 49)
(35, 13) ~ (105.811, 36)
(45, 5) ~ (98.1544, 44)
(11, 31) ~ (103.426, 39)
(5, 39) ~ (97.4264, 45)
(3, 43) ~ (95.4264, 47)
(38, 33) ~ (126.468, 16)
(36, 13) ~ (106.811, 36)
(5, 38) ~ (98.4264, 45)
(39, 33) ~ (127.468, 16)
(45, 4) ~ (98.5686, 45)
(37, 13) ~ (107.811, 36)
(10, 31) ~ (103.841, 40)
(2, 43) ~ (95.8407, 48)
(5, 37) ~ (99.4264, 45)
(40, 33) ~ (128.468, 16)
(38, 13) ~ (108.811, 36)
(5, 36) ~ (100.426, 45)
(41, 33) ~ (129.468, 16)
(45, 3) ~ (99.5686, 46)
(39, 13) ~ (109.811, 36)
(9, 31) ~ (104.841, 41)
(1, 43) ~ (96.8407, 49)
(9, 32) ~ (105.255, 41)
(1, 44) ~ (97.2549, 49)
(5, 35) ~ (101.426, 45)
(42, 33) ~ (130.468, 16)
(2, 45) ~ (98.6691, 48)
(3, 45) ~ (99.6691, 47)
(40, 13) ~ (110.811, 36)
(41, 14) ~ (112.225, 35)
(41, 15) ~ (113.225, 34)
(41, 16) ~ (114.225, 33)
(41, 17) ~ (115.225, 32)
(39, 12) ~ (110.225, 37)
(9, 33) ~ (106.255, 41)
(1, 45) ~ (98.2549, 49)
(43, 33) ~ (131.468, 16)
(41, 13) ~ (111.811, 36)
(9, 34) ~ (107.255, 41)
(1, 46) ~ (99.2549, 49)
(8, 33) ~ (106.669, 42)
(43, 32) ~ (131.882, 17)
(39, 11) ~ (111.225, 38)
(9, 35) ~ (108.255, 41)
(1, 47) ~ (100.255, 49)
(40, 11) ~ (111.64, 38)
(9, 36) ~ (109.255, 41)
(1, 48) ~ (101.255, 49)
(41, 11) ~ (112.64, 38)
(7, 33) ~ (107.669, 43)
(43, 31) ~ (132.882, 18)
(7, 34) ~ (108.083, 43)
(9, 37) ~ (110.255, 41)
(1, 49) ~ (102.255, 49)
(42, 31) ~ (133.297, 18)
(42, 11) ~ (113.64, 38)
(7, 35) ~ (109.083, 43)
(41, 31) ~ (134.297, 18)
(43, 11) ~ (114.64, 38)
(7, 36) ~ (110.083, 43)
(44, 11) ~ (115.64, 38)
(41, 30) ~ (134.711, 19)
(7, 37) ~ (111.083, 43)
(45, 11) ~ (116.64, 38)
(7, 38) ~ (112.083, 43)
(8, 39) ~ (113.498, 42)
(9, 39) ~ (114.498, 41)
(10, 39) ~ (115.498, 40)
(11, 39) ~ (116.498, 39)
(12, 39) ~ (117.498, 38)
(13, 39) ~ (118.498, 37)
(14, 39) ~ (119.498, 36)
(15, 39) ~ (120.498, 35)
(46, 11) ~ (117.64, 38)
(41, 29) ~ (135.711, 20)
(9, 40) ~ (114.912, 41)
(47, 12) ~ (119.054, 37)
(47, 13) ~ (120.054, 36)
(7, 39) ~ (113.083, 43)
(40, 29) ~ (136.125, 20)
(47, 11) ~ (118.64, 38)
(9, 41) ~ (115.912, 41)
(39, 29) ~ (137.125, 20)
(47, 10) ~ (119.054, 39)
(38, 29) ~ (138.125, 20)
(8, 41) ~ (116.326, 42)
(37, 30) ~ (139.539, 19)
(37, 31) ~ (140.539, 18)
(39, 28) ~ (137.539, 21)
(36, 31) ~ (140.953, 18)
(38, 31) ~ (140.953, 18)
(37, 29) ~ (139.125, 20)
(35, 31) ~ (141.953, 18)
(39, 31) ~ (141.953, 18)
(47, 9) ~ (120.054, 40)
(7, 41) ~ (117.326, 43)
(48, 9) ~ (120.468, 40)
(39, 27) ~ (138.539, 22)
(7, 42) ~ (117.74, 43)
(49, 10) ~ (121.882, 39)
(49, 11) ~ (122.882, 38)
(49, 12) ~ (123.882, 37)
(49, 13) ~ (124.882, 36)
(49, 14) ~ (125.882, 35)
(49, 15) ~ (126.882, 34)
(49, 16) ~ (127.882, 33)
(49, 17) ~ (128.882, 32)
(49, 18) ~ (129.882, 31)
(49, 19) ~ (130.882, 30)
(49, 20) ~ (131.882, 29)
(49, 21) ~ (132.882, 28)
(49, 22) ~ (133.882, 27)
(49, 23) ~ (134.882, 26)
(40, 27) ~ (138.953, 22)
(48, 15) ~ (127.297, 34)
(35, 30) ~ (142.368, 19)
(49, 9) ~ (121.468, 40)
(7, 43) ~ (118.74, 43)
(41, 27) ~ (139.953, 22)
(47, 15) ~ (128.297, 34)
(42, 27) ~ (140.953, 22)
(6, 43) ~ (119.154, 44)
(46, 15) ~ (129.297, 34)
(35, 29) ~ (143.368, 20)
(34, 29) ~ (143.782, 20)
(43, 27) ~ (141.953, 22)
(45, 15) ~ (130.297, 34)
(33, 29) ~ (144.782, 20)
(44, 27) ~ (142.953, 22)
(5, 43) ~ (120.154, 45)
(5, 44) ~ (120.569, 45)
(45, 14) ~ (130.711, 35)
(32, 29) ~ (145.782, 20)
(45, 27) ~ (143.953, 22)
(5, 45) ~ (121.569, 45)
(31, 29) ~ (146.782, 20)
(46, 27) ~ (144.953, 22)
(5, 46) ~ (122.569, 45)
(45, 13) ~ (131.711, 36)
(47, 27) ~ (145.953, 22)
(44, 13) ~ (132.125, 36)
(31, 28) ~ (147.196, 21)
(43, 14) ~ (133.539, 35)
(43, 15) ~ (134.539, 34)
(43, 16) ~ (135.539, 33)
(43, 17) ~ (136.539, 32)
(5, 47) ~ (123.569, 45)
(48, 27) ~ (146.953, 22)
(44, 17) ~ (136.953, 32)
(43, 13) ~ (133.125, 36)
(49, 28) ~ (148.368, 21)
(49, 29) ~ (149.368, 20)
(49, 30) ~ (150.368, 19)
(49, 31) ~ (151.368, 18)
(45, 18) ~ (138.368, 31)
(45, 19) ~ (139.368, 30)
(45, 20) ~ (140.368, 29)
(45, 21) ~ (141.368, 28)
(48, 31) ~ (151.782, 18)
(49, 27) ~ (147.953, 22)
(45, 17) ~ (137.953, 32)
(4, 47) ~ (123.983, 46)
(31, 27) ~ (148.196, 22)
(32, 27) ~ (148.61, 22)
(47, 31) ~ (152.782, 18)
(46, 17) ~ (138.953, 32)
(49, 26) ~ (148.368, 23)
(47, 18) ~ (140.368, 31)
(47, 19) ~ (141.368, 30)
(47, 20) ~ (142.368, 29)
(47, 21) ~ (143.368, 28)
(47, 22) ~ (144.368, 27)
(47, 23) ~ (145.368, 26)
(47, 24) ~ (146.368, 25)
(47, 25) ~ (147.368, 24)
(33, 27) ~ (149.61, 22)
(46, 31) ~ (153.782, 18)
(48, 25) ~ (147.782, 24)
(47, 17) ~ (139.953, 32)
(3, 47) ~ (124.983, 47)
(45, 32) ~ (155.196, 17)
(45, 33) ~ (156.196, 16)
(45, 34) ~ (157.196, 15)
(45, 35) ~ (158.196, 14)
(3, 48) ~ (125.397, 47)
(44, 35) ~ (158.61, 14)
(45, 31) ~ (154.782, 18)
(49, 25) ~ (148.782, 24)
(4, 49) ~ (126.811, 46)
(5, 49) ~ (127.811, 45)
(6, 49) ~ (128.811, 44)
(7, 49) ~ (129.811, 43)
(8, 49) ~ (130.811, 42)
(9, 49) ~ (131.811, 41)
(10, 49) ~ (132.811, 40)
(11, 49) ~ (133.811, 39)
(12, 49) ~ (134.811, 38)
(13, 49) ~ (135.811, 37)
(14, 49) ~ (136.811, 36)
(15, 49) ~ (137.811, 35)
(15, 48) ~ (138.225, 35)
(9, 48) ~ (132.225, 41)
(3, 49) ~ (126.397, 47)
(43, 35) ~ (159.61, 14)
(45, 30) ~ (155.196, 19)
(15, 47) ~ (139.225, 35)
(9, 47) ~ (133.225, 41)
(42, 35) ~ (160.61, 14)
(15, 46) ~ (140.225, 35)
(41, 35) ~ (161.61, 14)
(16, 45) ~ (141.64, 34)
(17, 45) ~ (142.64, 33)
(8, 47) ~ (133.64, 42)
(17, 44) ~ (143.054, 33)
(45, 29) ~ (156.196, 20)
(15, 45) ~ (141.225, 35)
(18, 43) ~ (144.468, 32)
(19, 43) ~ (145.468, 31)
(40, 35) ~ (162.61, 14)
(46, 29) ~ (156.61, 20)
(44, 29) ~ (156.61, 20)
(19, 44) ~ (145.882, 31)
(17, 43) ~ (144.054, 33)
(20, 45) ~ (147.297, 30)
(21, 45) ~ (148.297, 29)
(39, 35) ~ (163.61, 14)
(47, 29) ~ (157.61, 20)
(43, 29) ~ (157.61, 20)
(14, 45) ~ (141.64, 36)
(7, 47) ~ (134.64, 43)
(21, 44) ~ (148.711, 29)
(21, 46) ~ (148.711, 29)
(19, 45) ~ (146.882, 31)
(7, 46) ~ (135.054, 43)
(8, 45) ~ (136.468, 42)
(9, 45) ~ (137.468, 41)
(38, 35) ~ (164.61, 14)
(21, 47) ~ (149.711, 29)
(21, 43) ~ (149.711, 29)
(9, 44) ~ (137.882, 41)
(37, 36) ~ (166.024, 13)
(7, 45) ~ (136.054, 43)
(10, 43) ~ (139.297, 40)
(11, 43) ~ (140.297, 39)
(37, 35) ~ (165.61, 14)
(13, 45) ~ (142.64, 37)
(21, 42) ~ (150.711, 29)
(11, 42) ~ (140.711, 39)
(9, 43) ~ (138.882, 41)
(37, 37) ~ (167.024, 13)
(20, 47) ~ (150.125, 30)
(12, 41) ~ (142.125, 38)
(13, 41) ~ (143.125, 37)
(13, 42) ~ (143.539, 37)
(21, 41) ~ (151.711, 29)
(11, 41) ~ (141.711, 39)
(14, 43) ~ (144.953, 36)
(15, 43) ~ (145.953, 35)
(15, 42) ~ (146.368, 35)
(36, 37) ~ (167.439, 14)
(13, 43) ~ (144.539, 37)
(12, 45) ~ (143.64, 38)
(21, 40) ~ (152.711, 29)
(16, 41) ~ (147.782, 34)
(17, 41) ~ (148.782, 33)
(18, 41) ~ (149.782, 32)
(19, 41) ~ (150.782, 31)
(19, 47) ~ (151.125, 31)
(19, 40) ~ (151.196, 31)
(15, 41) ~ (147.368, 35)
(19, 48) ~ (151.539, 31)
(21, 39) ~ (153.711, 29)
(20, 49) ~ (152.953, 30)
(21, 49) ~ (153.953, 29)
(22, 49) ~ (154.953, 28)
(23, 49) ~ (155.953, 27)
(24, 49) ~ (156.953, 26)
(25, 49) ~ (157.953, 25)
(19, 39) ~ (152.196, 31)
(35, 37) ~ (168.439, 15)
(19, 49) ~ (152.539, 31)
(11, 45) ~ (144.64, 39)
(35, 36) ~ (168.853, 15)
(11, 46) ~ (145.054, 39)
(12, 47) ~ (146.468, 38)
(13, 47) ~ (147.468, 37)
(18, 39) ~ (152.61, 32)
(35, 35) ~ (169.853, 15)
(18, 49) ~ (152.953, 32)
(11, 47) ~ (146.054, 39)
(34, 35) ~ (170.267, 16)
(17, 39) ~ (153.61, 33)
(17, 49) ~ (153.953, 33)
(17, 38) ~ (154.024, 33)
(17, 48) ~ (154.368, 33)
(17, 37) ~ (155.024, 33)
(33, 35) ~ (171.267, 17)
(17, 47) ~ (155.368, 33)
(16, 37) ~ (155.439, 34)
(32, 35) ~ (172.267, 18)
(15, 37) ~ (156.439, 35)
(31, 35) ~ (173.267, 19)
(31, 36) ~ (173.681, 19)
(14, 37) ~ (157.439, 36)
(31, 37) ~ (174.681, 19)
(31, 38) ~ (175.681, 19)
(13, 37) ~ (158.439, 37)
(31, 39) ~ (176.681, 19)
(13, 36) ~ (158.853, 37)
(31, 40) ~ (177.681, 19)
(13, 35) ~ (159.853, 37)
(32, 41) ~ (179.096, 18)
(33, 41) ~ (180.096, 17)
(34, 41) ~ (181.096, 16)
(35, 41) ~ (182.096, 15)
(12, 37) ~ (159.439, 38)
(35, 40) ~ (182.51, 15)
(31, 41) ~ (178.681, 19)
(36, 39) ~ (183.924, 14)
(37, 39) ~ (184.924, 13)
(37, 40) ~ (185.338, 13)
(35, 39) ~ (183.51, 15)
(38, 41) ~ (186.752, 12)
(39, 41) ~ (187.752, 11)
(39, 40) ~ (188.167, 11)
(37, 41) ~ (186.338, 13)
(11, 37) ~ (160.439, 39)
(40, 39) ~ (189.581, 10)
(11, 36) ~ (160.853, 39)
(34, 39) ~ (183.924, 16)
(41, 40) ~ (190.995, 9)
(39, 39) ~ (189.167, 11)
(41, 39) ~ (190.581, 10)
(11, 35) ~ (161.853, 39)
(41, 41) ~ (191.995, 9)
(11, 34) ~ (162.853, 39)
(33, 39) ~ (184.924, 17)
(41, 42) ~ (192.995, 9)
(12, 33) ~ (164.267, 38)
(13, 33) ~ (165.267, 37)
(33, 38) ~ (185.338, 17)
(13, 32) ~ (165.681, 37)
(11, 33) ~ (163.853, 39)
(41, 43) ~ (193.995, 9)
(14, 31) ~ (167.096, 36)
(15, 31) ~ (168.096, 35)
(33, 37) ~ (186.338, 17)
(15, 30) ~ (168.51, 35)
(13, 31) ~ (166.681, 37)
(40, 43) ~ (194.409, 10)
(15, 29) ~ (169.51, 35)
(13, 30) ~ (167.681, 37)
(13, 29) ~ (168.681, 37)
(39, 43) ~ (195.409, 11)
(13, 28) ~ (169.681, 37)
(14, 27) ~ (171.096, 36)
(15, 27) ~ (172.096, 35)
(15, 26) ~ (172.51, 35)
(13, 27) ~ (170.681, 37)
(16, 25) ~ (173.924, 34)
(17, 25) ~ (174.924, 33)
(17, 26) ~ (175.338, 33)
(38, 43) ~ (196.409, 12)
(15, 25) ~ (173.51, 35)
(17, 27) ~ (176.338, 33)
(17, 28) ~ (177.338, 33)
(37, 43) ~ (197.409, 13)
(37, 44) ~ (197.823, 13)
(17, 29) ~ (178.338, 33)
(37, 45) ~ (198.823, 13)
(17, 30) ~ (179.338, 33)
(18, 31) ~ (180.752, 32)
(19, 31) ~ (181.752, 31)
(37, 46) ~ (199.823, 13)
(19, 32) ~ (182.167, 31)
(17, 31) ~ (180.338, 33)
(37, 47) ~ (200.823, 13)
(19, 33) ~ (183.167, 31)
(36, 47) ~ (201.238, 14)
(18, 33) ~ (183.581, 32)
(35, 47) ~ (202.238, 15)
(17, 33) ~ (184.581, 33)
(34, 47) ~ (203.238, 16)
(16, 33) ~ (185.581, 34)
(33, 47) ~ (204.238, 17)
(15, 33) ~ (186.581, 35)
(33, 46) ~ (204.652, 17)
(15, 34) ~ (186.995, 35)
(34, 45) ~ (206.066, 16)
(35, 45) ~ (207.066, 15)
(16, 35) ~ (188.409, 34)
(17, 35) ~ (189.409, 33)
(18, 35) ~ (190.409, 32)
(19, 35) ~ (191.409, 31)
(35, 44) ~ (207.48, 15)
(33, 45) ~ (205.652, 17)
(19, 36) ~ (191.823, 31)
(15, 35) ~ (187.995, 35)
(20, 37) ~ (193.238, 30)
(21, 37) ~ (194.238, 29)
(22, 37) ~ (195.238, 28)
(23, 37) ~ (196.238, 27)
(35, 43) ~ (208.48, 15)
(23, 36) ~ (196.652, 27)
(19, 37) ~ (192.823, 31)
(24, 35) ~ (198.066, 26)
(25, 35) ~ (199.066, 25)
(23, 35) ~ (197.652, 27)
(34, 43) ~ (208.895, 16)
(23, 34) ~ (198.652, 27)
(23, 33) ~ (199.652, 27)
(33, 43) ~ (209.895, 17)
(23, 32) ~ (200.652, 27)
(24, 31) ~ (202.066, 26)
(25, 31) ~ (203.066, 25)
(25, 32) ~ (203.48, 25)
(23, 31) ~ (201.652, 27)
(32, 43) ~ (210.895, 18)
(26, 33) ~ (204.895, 24)
(27, 33) ~ (205.895, 23)
(27, 34) ~ (206.309, 23)
(25, 33) ~ (204.48, 25)
(28, 35) ~ (207.723, 22)
(29, 35) ~ (208.723, 21)
(29, 36) ~ (209.137, 21)
(27, 35) ~ (207.309, 23)
(31, 43) ~ (211.895, 19)
(29, 37) ~ (210.137, 21)
(27, 36) ~ (208.309, 23)
(29, 38) ~ (211.137, 21)
(27, 37) ~ (209.309, 23)
(30, 43) ~ (212.895, 20)
(29, 39) ~ (212.137, 21)
(26, 37) ~ (209.723, 24)
(28, 39) ~ (212.551, 22)
(29, 43) ~ (213.895, 21)
(29, 44) ~ (214.309, 21)
(25, 37) ~ (210.723, 25)
(25, 38) ~ (211.137, 25)
(29, 45) ~ (215.309, 21)
(27, 39) ~ (213.551, 23)
(27, 40) ~ (213.966, 23)
(25, 39) ~ (212.137, 25)
(29, 46) ~ (216.309, 21)
(28, 41) ~ (215.38, 22)
(29, 41) ~ (216.38, 21)
(30, 47) ~ (217.723, 20)
(31, 47) ~ (218.723, 19)
(27, 41) ~ (214.966, 23)
(31, 48) ~ (219.137, 19)
(31, 46) ~ (219.137, 19)
(29, 47) ~ (217.309, 21)
(32, 49) ~ (220.551, 18)
(33, 49) ~ (221.551, 17)
(34, 49) ~ (222.551, 16)
(35, 49) ~ (223.551, 15)
(36, 49) ~ (224.551, 14)
(37, 49) ~ (225.551, 13)
(38, 49) ~ (226.551, 12)
(39, 49) ~ (227.551, 11)
(40, 49) ~ (228.551, 10)
(41, 49) ~ (229.551, 9)
(24, 39) ~ (212.551, 26)
(41, 48) ~ (229.966, 9)
(31, 45) ~ (220.137, 19)
(31, 49) ~ (220.137, 19)
(42, 47) ~ (231.38, 8)
(43, 47) ~ (232.38, 7)
(26, 41) ~ (215.38, 24)
(43, 46) ~ (232.794, 7)
(41, 47) ~ (230.966, 9)
(30, 49) ~ (220.551, 20)
(23, 39) ~ (213.551, 27)
(43, 45) ~ (233.794, 7)
(23, 40) ~ (213.966, 27)
(25, 41) ~ (216.38, 25)
(43, 44) ~ (234.794, 7)
(25, 42) ~ (216.794, 25)
(23, 41) ~ (214.966, 27)
(44, 43) ~ (236.208, 6)
(42, 45) ~ (234.208, 8)
(29, 49) ~ (221.551, 21)
(43, 43) ~ (235.794, 7)
(25, 43) ~ (217.794, 25)
(23, 42) ~ (215.966, 27)
(45, 43) ~ (237.208, 6)
(25, 44) ~ (218.794, 25)
(23, 43) ~ (216.966, 27)
(41, 45) ~ (235.208, 9)
(26, 45) ~ (220.208, 24)
(27, 45) ~ (221.208, 23)
(28, 49) ~ (222.551, 22)
(45, 42) ~ (237.622, 7)
(27, 44) ~ (221.622, 23)
(25, 45) ~ (219.794, 25)
(23, 44) ~ (217.966, 27)
(27, 43) ~ (222.622, 23)
(23, 45) ~ (218.966, 27)
(40, 45) ~ (236.208, 10)
(27, 49) ~ (223.551, 23)
(45, 41) ~ (238.622, 8)
(27, 48) ~ (223.966, 23)
(23, 46) ~ (219.966, 27)
(24, 47) ~ (221.38, 26)
(25, 47) ~ (222.38, 25)
(26, 47) ~ (223.38, 24)
(27, 47) ~ (224.38, 23)
(23, 47) ~ (220.966, 27)
(39, 45) ~ (237.208, 11)
(45, 40) ~ (239.622, 9)
(39, 46) ~ (237.622, 11)
(39, 47) ~ (238.622, 11)
(45, 39) ~ (240.622, 10)
(44, 39) ~ (241.037, 10)
(43, 40) ~ (242.451, 9)
(43, 41) ~ (243.451, 8)
(43, 39) ~ (242.037, 10)
(43, 38) ~ (242.451, 11)
(43, 37) ~ (243.451, 12)
(44, 37) ~ (243.865, 12)
(42, 37) ~ (243.865, 12)
(45, 37) ~ (244.865, 12)
(41, 37) ~ (244.865, 12)
(46, 37) ~ (245.865, 12)
(40, 37) ~ (245.865, 12)
(47, 38) ~ (247.279, 11)
(47, 39) ~ (248.279, 10)
(48, 39) ~ (248.694, 10)
(39, 37) ~ (246.865, 12)
(47, 37) ~ (246.865, 12)
(49, 40) ~ (250.108, 9)
(49, 41) ~ (251.108, 8)
(48, 41) ~ (251.522, 8)
(49, 39) ~ (249.694, 10)
(47, 42) ~ (252.936, 7)
(47, 43) ~ (253.936, 6)
(47, 44) ~ (254.936, 5)
(47, 45) ~ (255.936, 4)
(47, 46) ~ (256.936, 3)
(48, 45) ~ (256.35, 4)
(47, 41) ~ (252.522, 8)
(49, 46) ~ (257.765, 3)
(49, 47) ~ (258.765, 2)
(47, 47) ~ (257.936, 3)
(49, 38) ~ (250.108, 11)
(49, 45) ~ (257.35, 4)
(46, 47) ~ (258.35, 4)
(49, 44) ~ (257.765, 5)
(49, 37) ~ (251.108, 12)
(45, 47) ~ (259.35, 5)
(49, 43) ~ (258.765, 6)
(45, 46) ~ (259.765, 5)
(45, 48) ~ (259.765, 5)
(49, 36) ~ (252.108, 13)
(46, 49) ~ (261.179, 4)
(47, 49) ~ (262.179, 3)
(48, 49) ~ (263.179, 2)
(49, 49) ~ (264.179, 1)
(50, 49) ~ (265.179, 0)
(1, 0) ~ (0, 38)
(2, 1) ~ (1.41421, 36)
(3, 2) ~ (2.82843, 34)
(3, 1) ~ (2.41421, 35)
(4, 1) ~ (3.41421, 34)
(5, 2) ~ (4.82843, 32)
(5, 3) ~ (5.82843, 31)
(5, 4) ~ (6.82843, 30)
(6, 5) ~ (8.24264, 28)
(7, 5) ~ (9.24264, 27)
(5, 5) ~ (7.82843, 29)
(5, 1) ~ (4.41421, 33)
(7, 4) ~ (9.65685, 28)
(1, 1) ~ (1, 37)
(1, 2) ~ (2, 36)
(1, 3) ~ (3, 35)
(1, 4) ~ (4, 34)
(2, 5) ~ (5.41421, 32)
(3, 6) ~ (6.82843, 30)
(3, 7) ~ (7.82843, 29)
(3, 8) ~ (8.82843, 28)
(4, 9) ~ (10.2426, 26)
(5, 9) ~ (11.2426, 25)
(3, 9) ~ (9.82843, 27)
(3, 5) ~ (6.41421, 31)
(5, 8) ~ (11.6569, 26)
(1, 5) ~ (5, 33)
(2, 7) ~ (8.24264, 30)
(3, 4) ~ (6.82843, 32)
(6, 7) ~ (13.0711, 26)
(7, 8) ~ (14.4853, 24)
(8, 9) ~ (15.8995, 22)
(9, 9) ~ (16.8995, 21)
(7, 9) ~ (15.4853, 23)
(7, 7) ~ (14.0711, 25)
(9, 8) ~ (17.3137, 22)
(5, 7) ~ (12.6569, 27)
(7, 3) ~ (10.6569, 29)
(1, 8) ~ (9.65685, 30)
(1, 9) ~ (10.6569, 29)
(1, 10) ~ (11.6569, 28)
(2, 11) ~ (13.0711, 26)
(3, 12) ~ (14.4853, 24)
(3, 13) ~ (15.4853, 23)
(3, 14) ~ (16.4853, 22)
(4, 15) ~ (17.8995, 20)
(5, 15) ~ (18.8995, 19)
(6, 15) ~ (19.8995, 18)
(7, 15) ~ (20.8995, 17)
(3, 15) ~ (17.4853, 21)
(3, 11) ~ (14.0711, 25)
(7, 14) ~ (21.3137, 18)
(1, 11) ~ (12.6569, 27)
(1, 12) ~ (13.6569, 26)
(1, 13) ~ (14.6569, 25)
(1, 14) ~ (15.6569, 24)
(1, 15) ~ (16.6569, 23)
(1, 16) ~ (17.6569, 22)
(1, 17) ~ (18.6569, 21)
(1, 18) ~ (19.6569, 20)
(1, 7) ~ (9.24264, 31)
(7, 13) ~ (22.3137, 19)
(9, 7) ~ (18.3137, 23)
(1, 19) ~ (20.6569, 21)
(7, 2) ~ (11.6569, 30)
(6, 13) ~ (22.7279, 20)
(8, 1) ~ (13.0711, 30)
(9, 1) ~ (14.0711, 29)
(10, 1) ~ (15.0711, 28)
(11, 1) ~ (16.0711, 27)
(12, 1) ~ (17.0711, 26)
(13, 1) ~ (18.0711, 25)
(14, 1) ~ (19.0711, 24)
(15, 2) ~ (20.4853, 22)
(15, 3) ~ (21.4853, 21)
(15, 4) ~ (22.4853, 20)
(16, 5) ~ (23.8995, 18)
(17, 6) ~ (25.3137, 16)
(18, 7) ~ (26.7279, 14)
(19, 7) ~ (27.7279, 13)
(17, 7) ~ (26.3137, 15)
(17, 8) ~ (27.3137, 14)
(17, 9) ~ (28.3137, 13)
(17, 5) ~ (24.8995, 17)
(19, 6) ~ (28.1421, 14)
(15, 5) ~ (23.4853, 19)
(16, 7) ~ (26.7279, 16)
(15, 1) ~ (20.0711, 23)
(17, 4) ~ (25.3137, 18)
(9, 6) ~ (19.3137, 24)
(20, 5) ~ (29.5563, 14)
(21, 5) ~ (30.5563, 13)
(1, 20) ~ (21.6569, 22)
(7, 1) ~ (12.6569, 31)
(14, 5) ~ (23.8995, 20)
(19, 5) ~ (29.1421, 15)
(15, 7) ~ (27.7279, 17)
(5, 13) ~ (23.7279, 21)
(10, 5) ~ (20.7279, 24)
(11, 6) ~ (22.1421, 22)
(11, 7) ~ (23.1421, 21)
(11, 8) ~ (24.1421, 20)
(11, 9) ~ (25.1421, 19)
(11, 5) ~ (21.7279, 23)
(17, 3) ~ (26.3137, 19)
(13, 6) ~ (25.3137, 20)
(13, 7) ~ (26.3137, 19)
(13, 8) ~ (27.3137, 18)
(14, 9) ~ (28.7279, 16)
(15, 10) ~ (30.1421, 14)
(16, 11) ~ (31.5563, 12)
(17, 11) ~ (32.5563, 11)
(18, 11) ~ (33.5563, 10)
(19, 11) ~ (34.5563, 9)
(15, 11) ~ (31.1421, 13)
(15, 12) ~ (32.1421, 12)
(15, 13) ~ (33.1421, 11)
(15, 14) ~ (34.1421, 10)
(16, 15) ~ (35.5564, 8)
(17, 15) ~ (36.5564, 7)
(18, 15) ~ (37.5564, 6)
(19, 15) ~ (38.5564, 5)
(20, 15) ~ (39.5564, 4)
(21, 15) ~ (40.5564, 3)
(15, 15) ~ (35.1421, 9)
(15, 9) ~ (29.7279, 15)
(19, 10) ~ (34.9706, 10)
(13, 9) ~ (28.3137, 17)
(9, 5) ~ (20.3137, 25)
(22, 5) ~ (31.5563, 14)
(22, 15) ~ (41.5564, 4)
(14, 13) ~ (33.5564, 12)
(1, 21) ~ (22.6569, 23)
(13, 5) ~ (24.8995, 21)
(5, 12) ~ (24.1421, 22)
(11, 4) ~ (22.1421, 24)
(20, 9) ~ (36.3848, 10)
(21, 9) ~ (37.3848, 9)
(19, 9) ~ (35.9706, 11)
(13, 14) ~ (34.9706, 12)
(13, 15) ~ (35.9706, 11)
(13, 16) ~ (36.9706, 10)
(13, 17) ~ (37.9706, 9)
(13, 18) ~ (38.9706, 8)
(17, 2) ~ (27.3137, 20)
(6, 11) ~ (25.5563, 22)
(7, 11) ~ (26.5563, 21)
(8, 11) ~ (27.5563, 20)
(9, 12) ~ (28.9706, 18)
(9, 13) ~ (29.9706, 17)
(9, 14) ~ (30.9706, 16)
(10, 15) ~ (32.3848, 14)
(11, 16) ~ (33.799, 12)
(11, 17) ~ (34.799, 11)
(11, 15) ~ (33.3848, 13)
(9, 15) ~ (31.9706, 15)
(9, 11) ~ (28.5563, 19)
(23, 5) ~ (32.5563, 15)
(12, 3) ~ (23.5563, 24)
(13, 3) ~ (24.5563, 23)
(23, 15) ~ (42.5564, 5)
(13, 13) ~ (34.5564, 13)
(1, 22) ~ (23.6569, 24)
(11, 14) ~ (33.799, 14)
(21, 8) ~ (37.799, 10)
(5, 11) ~ (25.1421, 23)
(11, 3) ~ (23.1421, 25)
(23, 4) ~ (32.9706, 16)
(13, 19) ~ (39.9706, 9)
(13, 12) ~ (34.9706, 14)
(17, 1) ~ (28.3137, 21)
(10, 3) ~ (23.5563, 26)
(1, 23) ~ (24.6569, 25)
(11, 13) ~ (34.799, 15)
(21, 7) ~ (38.799, 11)
(22, 3) ~ (34.3848, 16)
(21, 3) ~ (35.3848, 15)
(12, 19) ~ (40.3848, 10)
(23, 3) ~ (33.9706, 17)
(13, 11) ~ (35.9706, 15)
(22, 7) ~ (39.2132, 12)
(9, 3) ~ (24.5563, 27)
(11, 12) ~ (35.799, 16)
(20, 3) ~ (36.3848, 16)
(11, 19) ~ (41.3848, 11)
(12, 11) ~ (36.3848, 16)
(23, 7) ~ (40.2132, 13)
(11, 11) ~ (36.799, 17)
(11, 20) ~ (41.799, 12)
(19, 3) ~ (37.3848, 17)
(24, 7) ~ (41.2132, 14)
(19, 2) ~ (37.799, 18)
(11, 21) ~ (42.799, 13)
(25, 7) ~ (42.2132, 15)
(20, 1) ~ (39.2132, 18)
(21, 1) ~ (40.2132, 17)
(19, 1) ~ (38.799, 19)
(11, 22) ~ (43.799, 14)
(25, 6) ~ (42.6274, 16)
(22, 1) ~ (41.2132, 18)
(12, 23) ~ (45.2132, 14)
(13, 23) ~ (46.2132, 13)
(11, 23) ~ (44.799, 15)
(25, 5) ~ (43.6274, 17)
(13, 24) ~ (46.6274, 14)
(23, 1) ~ (42.2132, 19)
(10, 23) ~ (45.2132, 16)
(26, 5) ~ (44.0416, 18)
(13, 25) ~ (47.6274, 15)
(24, 1) ~ (43.2132, 20)
(9, 23) ~ (46.2132, 17)
(12, 25) ~ (48.0416, 16)
(27, 5) ~ (45.0416, 19)
(25, 2) ~ (44.6274, 20)
(25, 3) ~ (45.6274, 19)
(25, 1) ~ (44.2132, 21)
(11, 25) ~ (49.0416, 17)
(28, 5) ~ (46.0416, 20)
(26, 3) ~ (46.0416, 20)
(29, 6) ~ (47.4559, 20)
(28, 7) ~ (48.8701, 18)
(27, 8) ~ (50.2843, 16)
(26, 9) ~ (51.6985, 14)
(25, 10) ~ (53.1127, 12)
(25, 11) ~ (54.1127, 11)
(25, 9) ~ (52.6985, 13)
(27, 9) ~ (51.2843, 15)
(26, 11) ~ (54.5269, 12)
(27, 7) ~ (49.8701, 17)
(29, 7) ~ (48.4559, 19)
(27, 12) ~ (55.9411, 12)
(27, 13) ~ (56.9411, 11)
(27, 14) ~ (57.9411, 10)
(27, 15) ~ (58.9411, 9)
(10, 25) ~ (50.0416, 18)
(27, 3) ~ (47.0416, 21)
(29, 5) ~ (47.0416, 21)
(27, 11) ~ (55.5269, 13)
(28, 15) ~ (59.3554, 10)
(27, 2) ~ (47.4559, 22)
(9, 25) ~ (51.0416, 19)
(29, 15) ~ (60.3554, 11)
(27, 1) ~ (48.4559, 23)
(8, 25) ~ (52.0416, 20)
(28, 1) ~ (48.8701, 24)
(30, 15) ~ (61.3554, 12)
(7, 24) ~ (53.4559, 20)
(7, 23) ~ (54.4559, 19)
(7, 22) ~ (55.4559, 18)
(8, 21) ~ (56.8701, 16)
(9, 20) ~ (58.2843, 14)
(9, 19) ~ (59.2843, 13)
(9, 18) ~ (60.2843, 12)
(9, 21) ~ (57.8701, 15)
(7, 21) ~ (56.4559, 17)
(7, 25) ~ (53.0416, 21)
(9, 17) ~ (61.2843, 13)
(29, 2) ~ (50.2843, 24)
(29, 3) ~ (51.2843, 23)
(29, 1) ~ (49.8701, 25)
(31, 15) ~ (62.3554, 13)
(8, 17) ~ (61.6985, 14)
(30, 3) ~ (51.6985, 24)
(6, 25) ~ (54.0416, 22)
(30, 1) ~ (50.8701, 26)
(31, 4) ~ (53.1127, 24)
(31, 5) ~ (54.1127, 23)
(31, 6) ~ (55.1127, 22)
(31, 7) ~ (56.1127, 21)
(32, 15) ~ (63.3554, 14)
(5, 24) ~ (55.4559, 22)
(5, 23) ~ (56.4559, 21)
(5, 22) ~ (57.4559, 20)
(5, 21) ~ (58.4559, 19)
(5, 20) ~ (59.4559, 18)
(6, 19) ~ (60.8701, 16)
(7, 19) ~ (61.8701, 15)
(5, 19) ~ (60.4559, 17)
(7, 17) ~ (62.6985, 15)
(31, 3) ~ (52.6985, 25)
(5, 25) ~ (55.0416, 23)
(32, 5) ~ (54.5269, 24)
(31, 1) ~ (51.8701, 27)
(33, 15) ~ (64.3554, 15)
(6, 17) ~ (63.6985, 16)
(33, 5) ~ (55.5269, 25)
(32, 1) ~ (52.8701, 28)
(34, 15) ~ (65.3554, 16)
(5, 17) ~ (64.6985, 17)
(33, 2) ~ (54.2843, 28)
(33, 3) ~ (55.2843, 27)
(34, 5) ~ (56.5269, 26)
(33, 1) ~ (53.8701, 29)
(35, 15) ~ (66.3554, 17)
(4, 17) ~ (65.6985, 18)
(35, 5) ~ (57.5269, 27)
(3, 18) ~ (67.1127, 18)
(36, 15) ~ (67.3554, 18)
(3, 17) ~ (66.6985, 19)
(35, 4) ~ (57.9411, 28)
(3, 19) ~ (68.1127, 19)
(37, 15) ~ (68.3554, 19)
(35, 3) ~ (58.9411, 29)
(3, 20) ~ (69.1127, 20)
(38, 15) ~ (69.3554, 20)
(35, 2) ~ (59.9411, 30)
(39, 16) ~ (70.7696, 20)
(39, 17) ~ (71.7696, 19)
(39, 18) ~ (72.7696, 18)
(3, 21) ~ (70.1127, 21)
(39, 15) ~ (70.3554, 21)
(35, 1) ~ (60.9411, 31)
(39, 19) ~ (73.7696, 19)
(3, 22) ~ (71.1127, 22)
(36, 1) ~ (61.3554, 32)
(39, 20) ~ (74.7696, 20)
(37, 2) ~ (62.7696, 32)
(37, 3) ~ (63.7696, 31)
(37, 4) ~ (64.7696, 30)
(37, 5) ~ (65.7696, 29)
(3, 23) ~ (72.1127, 23)
(37, 1) ~ (62.3554, 33)
(38, 5) ~ (66.1838, 30)
(39, 21) ~ (75.7696, 21)
(3, 24) ~ (73.1127, 24)
(40, 21) ~ (76.1838, 22)
(39, 5) ~ (67.1838, 31)
(3, 25) ~ (74.1127, 25)
(41, 20) ~ (77.598, 22)
(41, 19) ~ (78.598, 21)
(39, 4) ~ (67.598, 32)
(41, 21) ~ (77.1838, 23)
(2, 25) ~ (74.5269, 26)
(42, 19) ~ (79.0122, 22)
(3, 26) ~ (75.1127, 26)
(39, 3) ~ (68.598, 33)
(1, 25) ~ (75.5269, 27)
(43, 19) ~ (80.0122, 23)
(3, 27) ~ (76.1127, 27)
(39, 2) ~ (69.598, 34)
(1, 26) ~ (75.9411, 28)
(43, 20) ~ (80.4264, 24)
(3, 28) ~ (77.1127, 28)
(39, 1) ~ (70.598, 35)
(1, 27) ~ (76.9411, 29)
(43, 21) ~ (81.4264, 25)
(40, 1) ~ (71.0122, 36)
(3, 29) ~ (78.1127, 29)
(1, 28) ~ (77.9411, 30)
(43, 22) ~ (82.4264, 26)
(41, 1) ~ (72.0122, 37)
(3, 30) ~ (79.1127, 30)
(1, 29) ~ (78.9411, 31)
(43, 23) ~ (83.4264, 27)
(42, 1) ~ (73.0122, 38)
(3, 31) ~ (80.1127, 31)
(44, 23) ~ (83.8407, 28)
(1, 30) ~ (79.9411, 32)
(43, 2) ~ (74.4264, 38)
(42, 3) ~ (75.8407, 36)
(41, 4) ~ (77.2549, 34)
(41, 5) ~ (78.2549, 33)
(41, 6) ~ (79.2549, 32)
(41, 7) ~ (80.2549, 31)
(41, 8) ~ (81.2549, 30)
(40, 9) ~ (82.6691, 28)
(39, 9) ~ (83.6691, 27)
(41, 9) ~ (82.2549, 29)
(41, 3) ~ (76.8407, 35)
(39, 8) ~ (84.0833, 28)
(43, 3) ~ (75.4264, 37)
(43, 1) ~ (74.0122, 39)
(38, 7) ~ (85.4975, 28)
(37, 8) ~ (86.9117, 26)
(36, 9) ~ (88.3259, 24)
(35, 9) ~ (89.3259, 23)
(37, 9) ~ (87.9117, 25)
(37, 10) ~ (88.9117, 24)
(36, 11) ~ (90.3259, 22)
(35, 11) ~ (91.3259, 21)
(34, 11) ~ (92.3259, 20)
(33, 11) ~ (93.3259, 19)
(32, 11) ~ (94.3259, 18)
(31, 11) ~ (95.3259, 17)
(37, 11) ~ (89.9117, 23)
(37, 7) ~ (86.4975, 27)
(35, 8) ~ (89.7402, 24)
(45, 23) ~ (84.8407, 29)
(1, 31) ~ (80.9411, 33)
(39, 7) ~ (85.0833, 29)
(44, 1) ~ (75.0122, 40)
(34, 7) ~ (91.1544, 24)
(33, 8) ~ (92.5686, 22)
(32, 9) ~ (93.9828, 20)
(31, 9) ~ (94.9828, 19)
(30, 9) ~ (95.9828, 18)
(29, 10) ~ (97.397, 16)
(29, 11) ~ (98.397, 15)
(29, 12) ~ (99.397, 14)
(29, 13) ~ (100.397, 13)
(29, 9) ~ (96.9828, 17)
(33, 9) ~ (93.5686, 21)
(30, 13) ~ (100.811, 14)
(33, 7) ~ (92.1544, 23)
(45, 24) ~ (85.2549, 30)
(35, 7) ~ (90.7402, 25)
(1, 32) ~ (81.9411, 34)
(44, 25) ~ (86.6691, 30)
(43, 25) ~ (87.6691, 29)
(42, 25) ~ (88.6691, 28)
(41, 25) ~ (89.6691, 27)
(40, 25) ~ (90.6691, 26)
(39, 24) ~ (92.0833, 24)
(38, 23) ~ (93.4975, 22)
(37, 23) ~ (94.4975, 21)
(39, 23) ~ (93.0833, 23)
(39, 25) ~ (91.6691, 25)
(31, 13) ~ (101.811, 15)
(37, 24) ~ (94.9117, 22)
(45, 1) ~ (76.0122, 41)
(45, 25) ~ (86.2549, 31)
(40, 23) ~ (93.4975, 24)
(1, 33) ~ (82.9411, 35)
(32, 13) ~ (102.811, 16)
(37, 25) ~ (95.9117, 23)
(46, 1) ~ (77.0122, 42)
(41, 23) ~ (94.4975, 25)
(1, 34) ~ (83.9411, 36)
(33, 13) ~ (103.811, 17)
(37, 26) ~ (96.9117, 24)
(47, 1) ~ (78.0122, 43)
(2, 35) ~ (85.3554, 36)
(3, 34) ~ (86.7696, 34)
(4, 33) ~ (88.1838, 32)
(5, 32) ~ (89.598, 30)
(6, 31) ~ (91.0122, 28)
(7, 30) ~ (92.4264, 26)
(8, 29) ~ (93.8407, 24)
(9, 29) ~ (94.8407, 23)
(7, 29) ~ (93.4264, 25)
(7, 31) ~ (92.0122, 27)
(5, 31) ~ (90.598, 29)
(5, 30) ~ (91.598, 28)
(5, 29) ~ (92.598, 27)
(5, 28) ~ (93.598, 26)
(6, 27) ~ (95.0122, 24)
(7, 27) ~ (96.0122, 23)
(8, 27) ~ (97.0122, 22)
(9, 27) ~ (98.0122, 21)
(10, 27) ~ (99.0122, 20)
(11, 27) ~ (100.012, 19)
(5, 27) ~ (94.598, 25)
(5, 33) ~ (89.1838, 31)
(11, 28) ~ (100.426, 20)
(3, 33) ~ (87.7696, 33)
(3, 35) ~ (86.3554, 35)
(1, 35) ~ (84.9411, 37)
(36, 27) ~ (98.3259, 24)
(11, 29) ~ (101.426, 21)
(34, 13) ~ (104.811, 18)
(37, 27) ~ (97.9117, 25)
(48, 1) ~ (79.0122, 44)
(1, 36) ~ (85.9411, 38)
(11, 30) ~ (102.426, 22)
(49, 2) ~ (80.4264, 44)
(48, 3) ~ (81.8407, 42)
(47, 4) ~ (83.2549, 40)
(47, 5) ~ (84.2549, 39)
(47, 3) ~ (82.8407, 41)
(49, 3) ~ (81.4264, 43)
(48, 5) ~ (84.6691, 40)
(35, 13) ~ (105.811, 19)
(49, 1) ~ (80.0122, 45)
(2, 37) ~ (87.3554, 38)
(3, 37) ~ (88.3554, 37)
(1, 37) ~ (86.9411, 39)
(49, 6) ~ (86.0833, 40)
(48, 7) ~ (87.4975, 38)
(47, 7) ~ (88.4975, 37)
(46, 7) ~ (89.4975, 36)
(45, 8) ~ (90.9117, 34)
(44, 9) ~ (92.3259, 32)
(43, 9) ~ (93.3259, 31)
(45, 9) ~ (91.9117, 33)
(45, 7) ~ (90.4975, 35)
(43, 8) ~ (93.7402, 32)
(49, 7) ~ (87.0833, 39)
(11, 31) ~ (103.426, 23)
(49, 5) ~ (85.6691, 41)
(3, 38) ~ (88.7696, 38)
(36, 13) ~ (106.811, 20)
(43, 7) ~ (94.7402, 33)
(10, 31) ~ (103.841, 24)
(3, 39) ~ (89.7696, 39)
(37, 13) ~ (107.811, 21)
(43, 6) ~ (95.7402, 34)
(9, 31) ~ (104.841, 25)
(2, 39) ~ (90.1838, 40)
(38, 13) ~ (108.811, 22)
(9, 32) ~ (105.255, 26)
(43, 5) ~ (96.7402, 35)
(1, 39) ~ (91.1838, 41)
(39, 13) ~ (109.811, 23)
(44, 5) ~ (97.1544, 36)
(9, 33) ~ (106.255, 27)
(1, 40) ~ (91.598, 42)
(39, 12) ~ (110.225, 24)
(8, 33) ~ (106.669, 28)
(40, 13) ~ (110.811, 24)
(2, 41) ~ (93.0122, 42)
(3, 41) ~ (94.0122, 41)
(4, 41) ~ (95.0122, 40)
(5, 40) ~ (96.4264, 38)
(5, 39) ~ (97.4264, 37)
(5, 38) ~ (98.4264, 36)
(5, 37) ~ (99.4264, 35)
(5, 36) ~ (100.426, 34)
(5, 35) ~ (101.426, 33)
(5, 41) ~ (96.0122, 39)
(45, 5) ~ (98.1544, 37)
(9, 34) ~ (107.255, 28)
(1, 41) ~ (92.598, 43)
(41, 14) ~ (112.225, 24)
(41, 15) ~ (113.225, 23)
(41, 16) ~ (114.225, 22)
(41, 17) ~ (115.225, 21)
(39, 11) ~ (111.225, 25)
(3, 42) ~ (94.4264, 42)
(45, 4) ~ (98.5686, 38)
(7, 33) ~ (107.669, 29)
(41, 13) ~ (111.811, 25)
(9, 35) ~ (108.255, 29)
(40, 11) ~ (111.64, 26)
(7, 34) ~ (108.083, 30)
(3, 43) ~ (95.4264, 43)
(45, 3) ~ (99.5686, 39)
(9, 36) ~ (109.255, 30)
(41, 11) ~ (112.64, 27)
(2, 43) ~ (95.8407, 44)
(7, 35) ~ (109.083, 31)
(9, 37) ~ (110.255, 31)
(42, 11) ~ (113.64, 28)
(1, 43) ~ (96.8407, 45)
(7, 36) ~ (110.083, 32)
(1, 44) ~ (97.2549, 46)
(43, 11) ~ (114.64, 29)
(7, 37) ~ (111.083, 33)
(2, 45) ~ (98.6691, 46)
(3, 45) ~ (99.6691, 45)
(1, 45) ~ (98.2549, 47)
(44, 11) ~ (115.64, 30)
(7, 38) ~ (112.083, 34)
(1, 46) ~ (99.2549, 48)
(8, 39) ~ (113.498, 34)
(9, 39) ~ (114.498, 33)
(10, 39) ~ (115.498, 32)
(11, 39) ~ (116.498, 31)
(12, 39) ~ (117.498, 30)
(13, 39) ~ (118.498, 29)
(14, 39) ~ (119.498, 28)
(15, 39) ~ (120.498, 27)
(45, 11) ~ (116.64, 31)
(7, 39) ~ (113.083, 35)
(9, 40) ~ (114.912, 34)
(1, 47) ~ (100.255, 49)
(46, 11) ~ (117.64, 32)
(9, 41) ~ (115.912, 35)
(47, 12) ~ (119.054, 32)
(47, 13) ~ (120.054, 31)
(1, 48) ~ (101.255, 50)
(47, 11) ~ (118.64, 33)
(8, 41) ~ (116.326, 36)
(47, 10) ~ (119.054, 34)
(1, 49) ~ (102.255, 51)
(7, 41) ~ (117.326, 37)
(47, 9) ~ (120.054, 35)
(7, 42) ~ (117.74, 38)
(48, 9) ~ (120.468, 36)
(7, 43) ~ (118.74, 39)
(49, 10) ~ (121.882, 36)
(49, 11) ~ (122.882, 35)
(49, 12) ~ (123.882, 34)
(49, 13) ~ (124.882, 33)
(49, 14) ~ (125.882, 32)
(48, 15) ~ (127.297, 30)
(47, 15) ~ (128.297, 29)
(46, 15) ~ (129.297, 28)
(45, 15) ~ (130.297, 27)
(49, 15) ~ (126.882, 31)
(49, 16) ~ (127.882, 30)
(49, 17) ~ (128.882, 29)
(49, 18) ~ (129.882, 28)
(49, 9) ~ (121.468, 37)
(45, 14) ~ (130.711, 28)
(6, 43) ~ (119.154, 40)
(49, 19) ~ (130.882, 29)
(44, 13) ~ (132.125, 28)
(43, 14) ~ (133.539, 26)
(43, 15) ~ (134.539, 25)
(43, 16) ~ (135.539, 24)
(43, 17) ~ (136.539, 23)
(43, 13) ~ (133.125, 27)
(45, 13) ~ (131.711, 29)
(44, 17) ~ (136.953, 24)
(5, 43) ~ (120.154, 41)
(49, 20) ~ (131.882, 30)
(45, 18) ~ (138.368, 24)
(5, 44) ~ (120.569, 42)
(45, 17) ~ (137.953, 25)
(49, 21) ~ (132.882, 31)
(45, 19) ~ (139.368, 25)
(5, 45) ~ (121.569, 43)
(46, 17) ~ (138.953, 26)
(49, 22) ~ (133.882, 32)
(47, 18) ~ (140.368, 26)
(45, 20) ~ (140.368, 26)
(5, 46) ~ (122.569, 44)
(47, 17) ~ (139.953, 27)
(49, 23) ~ (134.882, 33)
(45, 21) ~ (141.368, 27)
(47, 19) ~ (141.368, 27)
(5, 47) ~ (123.569, 45)
(4, 47) ~ (123.983, 46)
(47, 20) ~ (142.368, 28)
(3, 47) ~ (124.983, 47)
(47, 21) ~ (143.368, 29)
(3, 48) ~ (125.397, 48)
(47, 22) ~ (144.368, 30)
(4, 49) ~ (126.811, 48)
(5, 49) ~ (127.811, 47)
(6, 49) ~ (128.811, 46)
(7, 49) ~ (129.811, 45)
(8, 49) ~ (130.811, 44)
(9, 48) ~ (132.225, 42)
(9, 47) ~ (133.225, 41)
(9, 49) ~ (131.811, 43)
(10, 49) ~ (132.811, 42)
(11, 49) ~ (133.811, 41)
(12, 49) ~ (134.811, 40)
(13, 49) ~ (135.811, 39)
(14, 49) ~ (136.811, 38)
(15, 48) ~ (138.225, 36)
(15, 47) ~ (139.225, 35)
(15, 46) ~ (140.225, 34)
(16, 45) ~ (141.64, 32)
(17, 44) ~ (143.054, 30)
(18, 43) ~ (144.468, 28)
(19, 43) ~ (145.468, 27)
(17, 43) ~ (144.054, 29)
(17, 45) ~ (142.64, 31)
(19, 44) ~ (145.882, 28)
(15, 45) ~ (141.225, 33)
(15, 49) ~ (137.811, 37)
(20, 45) ~ (147.297, 28)
(21, 44) ~ (148.711, 26)
(21, 43) ~ (149.711, 25)
(21, 42) ~ (150.711, 24)
(21, 41) ~ (151.711, 23)
(21, 40) ~ (152.711, 22)
(21, 39) ~ (153.711, 21)
(21, 45) ~ (148.297, 27)
(3, 49) ~ (126.397, 49)
(14, 45) ~ (141.64, 34)
(8, 47) ~ (133.64, 42)
(19, 45) ~ (146.882, 29)
(47, 23) ~ (145.368, 31)
(21, 46) ~ (148.711, 28)
(7, 46) ~ (135.054, 42)
(8, 45) ~ (136.468, 40)
(9, 44) ~ (137.882, 38)
(10, 43) ~ (139.297, 36)
(11, 42) ~ (140.711, 34)
(12, 41) ~ (142.125, 32)
(13, 41) ~ (143.125, 31)
(11, 41) ~ (141.711, 33)
(11, 43) ~ (140.297, 35)
(13, 42) ~ (143.539, 32)
(9, 43) ~ (138.882, 37)
(9, 45) ~ (137.468, 39)
(14, 43) ~ (144.953, 32)
(15, 42) ~ (146.368, 30)
(16, 41) ~ (147.782, 28)
(17, 41) ~ (148.782, 27)
(18, 41) ~ (149.782, 26)
(19, 40) ~ (151.196, 24)
(19, 39) ~ (152.196, 23)
(19, 41) ~ (150.782, 25)
(15, 41) ~ (147.368, 29)
(18, 39) ~ (152.61, 24)
(15, 43) ~ (145.953, 31)
(7, 45) ~ (136.054, 41)
(13, 43) ~ (144.539, 33)
(13, 45) ~ (142.64, 35)
(7, 47) ~ (134.64, 43)
(17, 38) ~ (154.024, 24)
(17, 37) ~ (155.024, 23)
(47, 24) ~ (146.368, 32)
(17, 39) ~ (153.61, 25)
(21, 47) ~ (149.711, 29)
(16, 37) ~ (155.439, 24)
(12, 45) ~ (143.64, 36)
(20, 47) ~ (150.125, 30)
(47, 25) ~ (147.368, 33)
(15, 37) ~ (156.439, 25)
(11, 45) ~ (144.64, 37)
(48, 25) ~ (147.782, 34)
(19, 47) ~ (151.125, 31)
(11, 46) ~ (145.054, 38)
(14, 37) ~ (157.439, 26)
(19, 48) ~ (151.539, 32)
(49, 25) ~ (148.782, 35)
(12, 47) ~ (146.468, 38)
(13, 47) ~ (147.468, 37)
(13, 36) ~ (158.853, 26)
(13, 35) ~ (159.853, 25)
(20, 49) ~ (152.953, 32)
(21, 49) ~ (153.953, 31)
(11, 47) ~ (146.054, 39)
(49, 26) ~ (149.196, 36)
(13, 37) ~ (158.439, 27)
(19, 49) ~ (152.539, 33)
(48, 27) ~ (150.61, 36)
(47, 27) ~ (151.61, 35)
(46, 27) ~ (152.61, 34)
(45, 27) ~ (153.61, 33)
(44, 27) ~ (154.61, 32)
(43, 27) ~ (155.61, 31)
(42, 27) ~ (156.61, 30)
(41, 27) ~ (157.61, 29)
(40, 27) ~ (158.61, 28)
(39, 27) ~ (159.61, 27)
(22, 49) ~ (154.953, 32)
(18, 49) ~ (152.953, 34)
(49, 27) ~ (150.196, 37)
(12, 37) ~ (159.439, 28)
(39, 28) ~ (160.024, 28)
(17, 48) ~ (154.368, 34)
(17, 47) ~ (155.368, 33)
(11, 36) ~ (160.853, 28)
(11, 35) ~ (161.853, 27)
(11, 34) ~ (162.853, 26)
(12, 33) ~ (164.267, 24)
(13, 32) ~ (165.681, 22)
(14, 31) ~ (167.096, 20)
(15, 30) ~ (168.51, 18)
(15, 29) ~ (169.51, 17)
(15, 31) ~ (168.096, 19)
(13, 31) ~ (166.681, 21)
(13, 30) ~ (167.681, 20)
(13, 29) ~ (168.681, 19)
(13, 28) ~ (169.681, 18)
(14, 27) ~ (171.096, 16)
(15, 26) ~ (172.51, 14)
(16, 25) ~ (173.924, 12)
(17, 25) ~ (174.924, 11)
(15, 25) ~ (173.51, 13)
(15, 27) ~ (172.096, 15)
(17, 26) ~ (175.338, 12)
(13, 27) ~ (170.681, 17)
(13, 33) ~ (165.267, 23)
(11, 33) ~ (163.853, 25)
(23, 49) ~ (155.953, 33)
(17, 49) ~ (153.953, 35)
(49, 28) ~ (151.196, 38)
(17, 27) ~ (176.338, 13)
(38, 29) ~ (161.439, 28)
(37, 29) ~ (162.439, 27)
(11, 37) ~ (160.439, 29)
(39, 29) ~ (161.024, 29)
(37, 30) ~ (162.853, 28)
(24, 49) ~ (156.953, 34)
(49, 29) ~ (152.196, 39)
(17, 28) ~ (177.338, 14)
(40, 29) ~ (161.439, 30)
(36, 31) ~ (164.267, 28)
(35, 30) ~ (165.681, 26)
(34, 29) ~ (167.096, 24)
(33, 29) ~ (168.096, 23)
(32, 29) ~ (169.096, 22)
(35, 29) ~ (166.681, 25)
(35, 31) ~ (165.267, 27)
(37, 31) ~ (163.853, 29)
(25, 49) ~ (157.953, 35)
(49, 30) ~ (153.196, 40)
(17, 29) ~ (178.338, 15)
(41, 29) ~ (162.439, 31)
(38, 31) ~ (164.267, 30)
(48, 31) ~ (154.61, 40)
(47, 31) ~ (155.61, 39)
(46, 31) ~ (156.61, 38)
(45, 30) ~ (158.024, 36)
(44, 29) ~ (159.439, 34)
(43, 29) ~ (160.439, 33)
(45, 29) ~ (159.024, 35)
(45, 31) ~ (157.61, 37)
(41, 30) ~ (162.853, 32)
(49, 31) ~ (154.196, 41)
(17, 30) ~ (179.338, 16)
(46, 29) ~ (159.439, 36)
(45, 32) ~ (158.024, 38)
(39, 31) ~ (165.267, 31)
(18, 31) ~ (180.752, 16)
(19, 31) ~ (181.752, 15)
(41, 31) ~ (163.853, 33)
(17, 31) ~ (180.338, 17)
(47, 29) ~ (160.439, 37)
(45, 33) ~ (159.024, 39)
(19, 32) ~ (182.167, 16)
(42, 31) ~ (164.267, 34)
(45, 34) ~ (160.024, 40)
(19, 33) ~ (183.167, 17)
(43, 31) ~ (165.267, 35)
(44, 35) ~ (161.439, 40)
(43, 35) ~ (162.439, 39)
(42, 35) ~ (163.439, 38)
(41, 35) ~ (164.439, 37)
(40, 35) ~ (165.439, 36)
(39, 35) ~ (166.439, 35)
(38, 35) ~ (167.439, 34)
(37, 35) ~ (168.439, 33)
(18, 33) ~ (183.581, 18)
(43, 32) ~ (165.681, 36)
(45, 35) ~ (161.024, 41)
(37, 36) ~ (168.853, 34)
(42, 33) ~ (167.096, 36)
(41, 33) ~ (168.096, 35)
(40, 33) ~ (169.096, 34)
(39, 33) ~ (170.096, 33)
(38, 33) ~ (171.096, 32)
(37, 33) ~ (172.096, 31)
(36, 33) ~ (173.096, 30)
(35, 33) ~ (174.096, 29)
(34, 33) ~ (175.096, 28)
(33, 32) ~ (176.51, 26)
(32, 31) ~ (177.924, 24)
(31, 31) ~ (178.924, 23)
(33, 31) ~ (177.51, 25)
(33, 33) ~ (176.096, 27)
(31, 32) ~ (179.338, 24)
(17, 33) ~ (184.581, 19)
(43, 33) ~ (166.681, 37)
(36, 37) ~ (170.267, 34)
(35, 36) ~ (171.681, 32)
(34, 35) ~ (173.096, 30)
(33, 35) ~ (174.096, 29)
(32, 35) ~ (175.096, 28)
(31, 35) ~ (176.096, 27)
(35, 35) ~ (172.681, 31)
(35, 37) ~ (171.267, 33)
(31, 36) ~ (176.51, 28)
(30, 33) ~ (180.752, 24)
(29, 32) ~ (182.167, 22)
(29, 31) ~ (183.167, 21)
(29, 30) ~ (184.167, 20)
(29, 29) ~ (185.167, 19)
(29, 28) ~ (186.167, 18)
(28, 27) ~ (187.581, 16)
(27, 26) ~ (188.995, 14)
(26, 25) ~ (190.409, 12)
(25, 24) ~ (191.823, 10)
(24, 23) ~ (193.238, 8)
(23, 22) ~ (194.652, 6)
(22, 21) ~ (196.066, 4)
(21, 20) ~ (197.48, 2)
(21, 19) ~ (198.48, 1)
(21, 18) ~ (199.48, 0)
(1, 0) ~ (0, 26.9072)
(2, 1) ~ (1.41421, 25.4951)
(3, 2) ~ (2.82843, 24.0832)
(3, 1) ~ (2.41421, 24.7588)
(1, 1) ~ (1, 26.2488)
(4, 1) ~ (3.41421, 24.0416)
(5, 2) ~ (4.82843, 22.6274)
(1, 2) ~ (2, 25.6125)
(5, 1) ~ (4.41421, 23.3452)
(5, 3) ~ (5.82843, 21.9317)
(1, 3) ~ (3, 25)
(5, 4) ~ (6.82843, 21.2603)
(6, 5) ~ (8.24264, 19.8494)
(7, 5) ~ (9.24264, 19.105)
(1, 4) ~ (4, 24.4131)
(2, 5) ~ (5.41421, 23.0217)
(5, 5) ~ (7.82843, 20.6155)
(3, 6) ~ (6.82843, 21.6333)
(3, 5) ~ (6.41421, 22.2036)
(1, 5) ~ (5, 23.8537)
(3, 7) ~ (7.82843, 21.095)
(3, 8) ~ (8.82843, 20.5913)
(7, 4) ~ (9.65685, 19.799)
(4, 9) ~ (10.2426, 19.2354)
(5, 9) ~ (11.2426, 18.3576)
(3, 4) ~ (6.82843, 22.8035)
(3, 9) ~ (9.82843, 20.1246)
(2, 7) ~ (8.24264, 21.9545)
(5, 8) ~ (11.6569, 18.868)
(7, 3) ~ (10.6569, 20.5183)
(6, 7) ~ (13.0711, 18.6011)
(7, 8) ~ (14.4853, 17.2047)
(8, 9) ~ (15.8995, 15.8114)
(7, 7) ~ (14.0711, 17.8045)
(9, 9) ~ (16.8995, 15)
(1, 8) ~ (9.65685, 22.3607)
(1, 7) ~ (9.24264, 22.8254)
(5, 7) ~ (12.6569, 19.4165)
(7, 9) ~ (15.4853, 16.6433)
(1, 9) ~ (10.6569, 21.9317)
(7, 2) ~ (11.6569, 21.2603)
(9, 8) ~ (17.3137, 15.6205)
(1, 10) ~ (11.6569, 21.5407)
(2, 11) ~ (13.0711, 20.2485)
(3, 11) ~ (14.0711, 19.3132)
(3, 12) ~ (14.4853, 18.9737)
(1, 11) ~ (12.6569, 21.1896)
(3, 13) ~ (15.4853, 18.6815)
(8, 1) ~ (13.0711, 21.4009)
(1, 12) ~ (13.6569, 20.8806)
(9, 7) ~ (18.3137, 16.2788)
(7, 1) ~ (12.6569, 22.0227)
(9, 1) ~ (14.0711, 20.8087)
(3, 14) ~ (16.4853, 18.4391)
(4, 15) ~ (17.8995, 17.2627)
(5, 15) ~ (18.8995, 16.2788)
(6, 15) ~ (19.8995, 15.2971)
(7, 15) ~ (20.8995, 14.3178)
(1, 13) ~ (14.6569, 20.6155)
(10, 1) ~ (15.0711, 20.2485)
(3, 15) ~ (17.4853, 18.2483)
(11, 1) ~ (16.0711, 19.7231)
(7, 14) ~ (21.3137, 14.5602)
(1, 14) ~ (15.6569, 20.3961)
(9, 6) ~ (19.3137, 16.9706)
(12, 1) ~ (17.0711, 19.2354)
(13, 1) ~ (18.0711, 18.7883)
(1, 15) ~ (16.6569, 20.2237)
(7, 13) ~ (22.3137, 14.8661)
(14, 1) ~ (19.0711, 18.3848)
(15, 2) ~ (20.4853, 17.088)
(15, 3) ~ (21.4853, 16.1555)
(15, 4) ~ (22.4853, 15.2315)
(1, 16) ~ (17.6569, 20.0998)
(10, 5) ~ (20.7279, 17.0294)
(11, 6) ~ (22.1421, 15.6205)
(15, 5) ~ (23.4853, 14.3178)
(16, 5) ~ (23.8995, 13.9284)
(17, 6) ~ (25.3137, 12.6491)
(9, 5) ~ (20.3137, 17.6918)
(11, 7) ~ (23.1421, 14.8661)
(17, 7) ~ (26.3137, 11.7047)
(17, 8) ~ (27.3137, 10.7703)
(15, 1) ~ (20.0711, 18.0278)
(11, 5) ~ (21.7279, 16.4012)
(18, 7) ~ (26.7279, 11.4018)
(17, 9) ~ (28.3137, 9.84886)
(11, 8) ~ (24.1421, 14.1421)
(17, 5) ~ (24.8995, 13.6015)
(6, 13) ~ (22.7279, 15.8114)
(11, 9) ~ (25.1421, 13.4536)
(14, 5) ~ (23.8995, 14.7648)
(1, 17) ~ (18.6569, 20.025)
(16, 7) ~ (26.7279, 12.083)
(19, 7) ~ (27.7279, 11.1803)
(11, 4) ~ (22.1421, 17.2047)
(1, 18) ~ (19.6569, 20)
(13, 6) ~ (25.3137, 14.4222)
(17, 4) ~ (25.3137, 14.5602)
(13, 7) ~ (26.3137, 13.6015)
(13, 8) ~ (27.3137, 12.8062)
(14, 9) ~ (28.7279, 11.4018)
(15, 10) ~ (30.1421, 10)
(16, 11) ~ (31.5563, 8.60233)
(13, 5) ~ (24.8995, 15.2643)
(15, 7) ~ (27.7279, 12.53)
(19, 6) ~ (28.1421, 12.1655)
(13, 9) ~ (28.3137, 12.0416)
(15, 11) ~ (31.1421, 9.21954)
(5, 13) ~ (23.7279, 16.7631)
(15, 9) ~ (29.7279, 10.8167)
(17, 11) ~ (32.5563, 8.06226)
(15, 12) ~ (32.1421, 8.48528)
(1, 19) ~ (20.6569, 20.025)
(15, 13) ~ (33.1421, 7.81025)
(12, 3) ~ (23.5563, 17.4929)
(11, 3) ~ (23.1421, 18.0278)
(18, 11) ~ (33.5563, 7.61577)
(5, 12) ~ (24.1421, 17.088)
(15, 14) ~ (34.1421, 7.2111)
(16, 15) ~ (35.5564, 5.83095)
(13, 3) ~ (24.5563, 17)
(17, 15) ~ (36.5564, 5)
(1, 20) ~ (21.6569, 20.0998)
(18, 15) ~ (37.5564, 4.24264)
(19, 11) ~ (34.5563, 7.28011)
(17, 3) ~ (26.3137, 15.5242)
(15, 15) ~ (35.1421, 6.7082)
(6, 11) ~ (25.5563, 16.5529)
(10, 3) ~ (23.5563, 18.6011)
(14, 13) ~ (33.5564, 8.60233)
(19, 15) ~ (38.5564, 3.60555)
(7, 11) ~ (26.5563, 15.6525)
(19, 5) ~ (29.1421, 13.1529)
(8, 11) ~ (27.5563, 14.7648)
(9, 12) ~ (28.9706, 13.4164)
(9, 11) ~ (28.5563, 13.8924)
(20, 5) ~ (29.5563, 13.0384)
(5, 11) ~ (25.1421, 17.4642)
(20, 15) ~ (39.5564, 3.16228)
(1, 21) ~ (22.6569, 20.2237)
(9, 13) ~ (29.9706, 13)
(19, 10) ~ (34.9706, 8.24621)
(21, 5) ~ (30.5563, 13)
(21, 15) ~ (40.5564, 3)
(9, 14) ~ (30.9706, 12.6491)
(9, 3) ~ (24.5563, 19.2094)
(10, 15) ~ (32.3848, 11.4018)
(17, 2) ~ (27.3137, 16.4924)
(11, 15) ~ (33.3848, 10.4403)
(13, 14) ~ (34.9706, 8.94427)
(13, 13) ~ (34.5564, 9.43398)
(11, 16) ~ (33.799, 10.198)
(1, 22) ~ (23.6569, 20.3961)
(9, 15) ~ (31.9706, 12.3693)
(13, 15) ~ (35.9706, 8.544)
(11, 14) ~ (33.799, 10.7703)
(22, 5) ~ (31.5563, 13.0384)
(22, 15) ~ (41.5564, 3.16228)
(11, 17) ~ (34.799, 10.0499)
(13, 12) ~ (34.9706, 10)
(19, 9) ~ (35.9706, 9.21954)
(13, 16) ~ (36.9706, 8.24621)
(1, 23) ~ (24.6569, 20.6155)
(20, 9) ~ (36.3848, 9.05539)
(23, 5) ~ (32.5563, 13.1529)
(17, 1) ~ (28.3137, 17.4642)
(11, 13) ~ (34.799, 11.1803)
(13, 17) ~ (37.9706, 8.06226)
(23, 15) ~ (42.5564, 3.60555)
(21, 9) ~ (37.3848, 9)
(13, 11) ~ (35.9706, 10.6301)
(13, 18) ~ (38.9706, 8)
(23, 4) ~ (32.9706, 14.1421)
(11, 12) ~ (35.799, 11.6619)
(12, 11) ~ (36.3848, 11.4018)
(21, 8) ~ (37.799, 10)
(13, 19) ~ (39.9706, 8.06226)
(11, 11) ~ (36.799, 12.2066)
(23, 3) ~ (33.9706, 15.1327)
(22, 3) ~ (34.3848, 15.0333)
(12, 19) ~ (40.3848, 9.05539)
(21, 7) ~ (38.799, 11)
(22, 7) ~ (39.2132, 11.0454)
(21, 3) ~ (35.3848, 15)
(23, 7) ~ (40.2132, 11.1803)
(20, 3) ~ (36.3848, 15.0333)
(11, 19) ~ (41.3848, 10.0499)
(11, 20) ~ (41.799, 10.198)
(19, 3) ~ (37.3848, 15.1327)
(24, 7) ~ (41.2132, 11.4018)
(11, 21) ~ (42.799, 10.4403)
(25, 7) ~ (42.2132, 11.7047)
(19, 2) ~ (37.799, 16.1245)
(11, 22) ~ (43.799, 10.7703)
(25, 6) ~ (42.6274, 12.6491)
(12, 23) ~ (45.2132, 10.2956)
(13, 23) ~ (46.2132, 9.43398)
(19, 1) ~ (38.799, 17.1172)
(11, 23) ~ (44.799, 11.1803)
(20, 1) ~ (39.2132, 17.0294)
(13, 24) ~ (46.6274, 10)
(21, 1) ~ (40.2132, 17)
(25, 5) ~ (43.6274, 13.6015)
(10, 23) ~ (45.2132, 12.083)
(26, 5) ~ (44.0416, 13.9284)
(22, 1) ~ (41.2132, 17.0294)
(13, 25) ~ (47.6274, 10.6301)
(9, 23) ~ (46.2132, 13)
(23, 1) ~ (42.2132, 17.1172)
(27, 5) ~ (45.0416, 14.3178)
(12, 25) ~ (48.0416, 11.4018)
(24, 1) ~ (43.2132, 17.2627)
(28, 5) ~ (46.0416, 14.7648)
(25, 2) ~ (44.6274, 16.4924)
(25, 3) ~ (45.6274, 15.5242)
(11, 25) ~ (49.0416, 12.2066)
(25, 1) ~ (44.2132, 17.4642)
(26, 3) ~ (46.0416, 15.8114)
(29, 6) ~ (47.4559, 14.4222)
(28, 7) ~ (48.8701, 13.0384)
(27, 8) ~ (50.2843, 11.6619)
(26, 9) ~ (51.6985, 10.2956)
(25, 10) ~ (53.1127, 8.94427)
(29, 7) ~ (48.4559, 13.6015)
(27, 9) ~ (51.2843, 10.8167)
(25, 11) ~ (54.1127, 8.06226)
(29, 5) ~ (47.0416, 15.2643)
(27, 7) ~ (49.8701, 12.53)
(25, 9) ~ (52.6985, 9.84886)
(10, 25) ~ (50.0416, 13.0384)
(26, 11) ~ (54.5269, 8.60233)
(27, 3) ~ (47.0416, 16.1555)
(27, 12) ~ (55.9411, 8.48528)
(27, 2) ~ (47.4559, 17.088)
(27, 11) ~ (55.5269, 9.21954)
(27, 13) ~ (56.9411, 7.81025)
(9, 25) ~ (51.0416, 13.8924)
(27, 14) ~ (57.9411, 7.2111)
(27, 15) ~ (58.9411, 6.7082)
(27, 1) ~ (48.4559, 18.0278)
(8, 25) ~ (52.0416, 14.7648)
(28, 15) ~ (59.3554, 7.61577)
(28, 1) ~ (48.8701, 18.3848)
(29, 2) ~ (50.2843, 17.8885)
(29, 3) ~ (51.2843, 17)
(29, 1) ~ (49.8701, 18.7883)
(7, 24) ~ (53.4559, 15.2315)
(7, 25) ~ (53.0416, 15.6525)
(29, 15) ~ (60.3554, 8.544)
(30, 3) ~ (51.6985, 17.4929)
(7, 23) ~ (54.4559, 14.8661)
(7, 22) ~ (55.4559, 14.5602)
(30, 1) ~ (50.8701, 19.2354)
(8, 21) ~ (56.8701, 13.3417)
(9, 21) ~ (57.8701, 12.3693)
(31, 4) ~ (53.1127, 17.2047)
(9, 20) ~ (58.2843, 12.1655)
(31, 5) ~ (54.1127, 16.4012)
(6, 25) ~ (54.0416, 16.5529)
(31, 3) ~ (52.6985, 18.0278)
(31, 6) ~ (55.1127, 15.6205)
(7, 21) ~ (56.4559, 14.3178)
(30, 15) ~ (61.3554, 9.48683)
(31, 7) ~ (56.1127, 14.8661)
(9, 19) ~ (59.2843, 12.0416)
(32, 5) ~ (54.5269, 17.0294)
(31, 1) ~ (51.8701, 19.7231)
(9, 18) ~ (60.2843, 12)
(5, 25) ~ (55.0416, 17.4642)
(5, 24) ~ (55.4559, 17.088)
(31, 15) ~ (62.3554, 10.4403)
(32, 1) ~ (52.8701, 20.2485)
(33, 5) ~ (55.5269, 17.6918)
(5, 23) ~ (56.4559, 16.7631)
(9, 17) ~ (61.2843, 12.0416)
(5, 22) ~ (57.4559, 16.4924)
(33, 2) ~ (54.2843, 20)
(33, 3) ~ (55.2843, 19.2094)
(33, 1) ~ (53.8701, 20.8087)
(5, 21) ~ (58.4559, 16.2788)
(8, 17) ~ (61.6985, 13.0384)
(32, 15) ~ (63.3554, 11.4018)
(34, 5) ~ (56.5269, 18.3848)
(5, 20) ~ (59.4559, 16.1245)
(6, 19) ~ (60.8701, 15.0333)
(7, 19) ~ (61.8701, 14.0357)
(5, 19) ~ (60.4559, 16.0312)
(35, 5) ~ (57.5269, 19.105)
(33, 15) ~ (64.3554, 12.3693)
(7, 17) ~ (62.6985, 14.0357)
(35, 4) ~ (57.9411, 19.799)
(34, 15) ~ (65.3554, 13.3417)
(6, 17) ~ (63.6985, 15.0333)
(35, 3) ~ (58.9411, 20.5183)
(35, 15) ~ (66.3554, 14.3178)
(5, 17) ~ (64.6985, 16.0312)
(35, 2) ~ (59.9411, 21.2603)
(36, 15) ~ (67.3554, 15.2971)
(4, 17) ~ (65.6985, 17.0294)
(35, 1) ~ (60.9411, 22.0227)
(36, 1) ~ (61.3554, 22.6716)
(37, 15) ~ (68.3554, 16.2788)
(3, 17) ~ (66.6985, 18.0278)
(3, 18) ~ (67.1127, 18)
(37, 2) ~ (62.7696, 22.6274)
(37, 1) ~ (62.3554, 23.3452)
(37, 3) ~ (63.7696, 21.9317)
(37, 4) ~ (64.7696, 21.2603)
(3, 19) ~ (68.1127, 18.0278)
(37, 5) ~ (65.7696, 20.6155)
(38, 15) ~ (69.3554, 17.2627)
(3, 20) ~ (69.1127, 18.1108)
(38, 5) ~ (66.1838, 21.4009)
(3, 21) ~ (70.1127, 18.2483)
(39, 15) ~ (70.3554, 18.2483)
(39, 16) ~ (70.7696, 18.1108)
(39, 5) ~ (67.1838, 22.2036)
(3, 22) ~ (71.1127, 18.4391)
(39, 17) ~ (71.7696, 18.0278)
(39, 4) ~ (67.598, 22.8035)
(39, 18) ~ (72.7696, 18)
(3, 23) ~ (72.1127, 18.6815)
(39, 19) ~ (73.7696, 18.0278)
(39, 3) ~ (68.598, 23.4307)
(3, 24) ~ (73.1127, 18.9737)
(39, 20) ~ (74.7696, 18.1108)
(3, 25) ~ (74.1127, 19.3132)
(39, 2) ~ (69.598, 24.0832)
(39, 21) ~ (75.7696, 18.2483)
(2, 25) ~ (74.5269, 20.2485)
(3, 26) ~ (75.1127, 19.6977)
(39, 1) ~ (70.598, 24.7588)
(40, 21) ~ (76.1838, 19.2354)
(3, 27) ~ (76.1127, 20.1246)
(40, 1) ~ (71.0122, 25.4951)
(1, 25) ~ (75.5269, 21.1896)
(41, 21) ~ (77.1838, 20.2237)
(1, 26) ~ (75.9411, 21.5407)
(41, 20) ~ (77.598, 20.0998)
(3, 28) ~ (77.1127, 20.5913)
(41, 1) ~ (72.0122, 26.2488)
(41, 19) ~ (78.598, 20.025)
(1, 27) ~ (76.9411, 21.9317)
(3, 29) ~ (78.1127, 21.095)
(42, 1) ~ (73.0122, 27.0185)
(42, 19) ~ (79.0122, 21.0238)
(1, 28) ~ (77.9411, 22.3607)
(3, 30) ~ (79.1127, 21.6333)
(43, 2) ~ (74.4264, 27.2029)
(42, 3) ~ (75.8407, 25.807)
(41, 4) ~ (77.2549, 24.4131)
(1, 29) ~ (78.9411, 22.8254)
(43, 1) ~ (74.0122, 27.8029)
(41, 3) ~ (76.8407, 25)
(43, 19) ~ (80.0122, 22.0227)
(43, 3) ~ (75.4264, 26.6271)
(41, 5) ~ (78.2549, 23.8537)
(3, 31) ~ (80.1127, 22.2036)
(43, 20) ~ (80.4264, 22.0907)
(41, 6) ~ (79.2549, 23.3238)
(41, 7) ~ (80.2549, 22.8254)
(1, 30) ~ (79.9411, 23.3238)
(44, 1) ~ (75.0122, 28.6007)
(41, 8) ~ (81.2549, 22.3607)
(43, 21) ~ (81.4264, 22.2036)
(40, 9) ~ (82.6691, 21.0238)
(39, 9) ~ (83.6691, 20.1246)
(41, 9) ~ (82.2549, 21.9317)
(39, 8) ~ (84.0833, 20.5913)
(43, 22) ~ (82.4264, 22.3607)
(1, 31) ~ (80.9411, 23.8537)
(45, 1) ~ (76.0122, 29.4109)
(38, 7) ~ (85.4975, 20.2485)
(37, 8) ~ (86.9117, 18.868)
(36, 9) ~ (88.3259, 17.4929)
(37, 7) ~ (86.4975, 19.4165)
(35, 9) ~ (89.3259, 16.6433)
(43, 23) ~ (83.4264, 22.561)
(39, 7) ~ (85.0833, 21.095)
(37, 9) ~ (87.9117, 18.3576)
(1, 32) ~ (81.9411, 24.4131)
(37, 10) ~ (88.9117, 17.8885)
(36, 11) ~ (90.3259, 16.5529)
(35, 8) ~ (89.7402, 17.2047)
(35, 11) ~ (91.3259, 15.6525)
(34, 11) ~ (92.3259, 14.7648)
(33, 11) ~ (93.3259, 13.8924)
(46, 1) ~ (77.0122, 30.2324)
(32, 11) ~ (94.3259, 13.0384)
(37, 11) ~ (89.9117, 17.4642)
(44, 23) ~ (83.8407, 23.5372)
(31, 11) ~ (95.3259, 12.2066)
(1, 33) ~ (82.9411, 25)
(34, 7) ~ (91.1544, 17.0294)
(33, 8) ~ (92.5686, 15.6205)
(32, 9) ~ (93.9828, 14.2127)
(33, 7) ~ (92.1544, 16.2788)
(31, 9) ~ (94.9828, 13.4536)
(35, 7) ~ (90.7402, 17.8045)
(33, 9) ~ (93.5686, 15)
(30, 9) ~ (95.9828, 12.7279)
(29, 10) ~ (97.397, 11.3137)
(29, 9) ~ (96.9828, 12.0416)
(29, 11) ~ (98.397, 10.6301)
(47, 1) ~ (78.0122, 31.0644)
(45, 23) ~ (84.8407, 24.5153)
(29, 12) ~ (99.397, 10)
(1, 34) ~ (83.9411, 25.6125)
(29, 13) ~ (100.397, 9.43398)
(45, 24) ~ (85.2549, 24.7386)
(44, 25) ~ (86.6691, 24.0416)
(43, 25) ~ (87.6691, 23.0868)
(42, 25) ~ (88.6691, 22.1359)
(2, 35) ~ (85.3554, 25.4951)
(3, 34) ~ (86.7696, 24.0832)
(4, 33) ~ (88.1838, 22.6716)
(5, 32) ~ (89.598, 21.2603)
(41, 25) ~ (89.6691, 21.1896)
(6, 31) ~ (91.0122, 19.8494)
(7, 30) ~ (92.4264, 18.4391)
(8, 29) ~ (93.8407, 17.0294)
(40, 25) ~ (90.6691, 20.2485)
(48, 1) ~ (79.0122, 31.9061)
(39, 25) ~ (91.6691, 19.3132)
(39, 24) ~ (92.0833, 18.9737)
(30, 13) ~ (100.811, 10.2956)
(3, 35) ~ (86.3554, 24.7588)
(5, 33) ~ (89.1838, 21.9317)
(7, 31) ~ (92.0122, 19.105)
(9, 29) ~ (94.8407, 16.2788)
(1, 35) ~ (84.9411, 26.2488)
(3, 33) ~ (87.7696, 23.4307)
(5, 31) ~ (90.598, 20.6155)
(38, 23) ~ (93.4975, 17.72)
(7, 29) ~ (93.4264, 17.8045)
(45, 25) ~ (86.2549, 25)
(37, 23) ~ (94.4975, 16.7631)
(5, 30) ~ (91.598, 20)
(39, 23) ~ (93.0833, 18.6815)
(37, 24) ~ (94.9117, 17.088)
(5, 29) ~ (92.598, 19.4165)
(5, 28) ~ (93.598, 18.868)
(6, 27) ~ (95.0122, 17.4929)
(7, 27) ~ (96.0122, 16.6433)
(49, 2) ~ (80.4264, 32.249)
(48, 3) ~ (81.8407, 30.8869)
(49, 1) ~ (80.0122, 32.7567)
(47, 4) ~ (83.2549, 29.5296)
(8, 27) ~ (97.0122, 15.8114)
(1, 36) ~ (85.9411, 26.9072)
(47, 3) ~ (82.8407, 30.0167)
(5, 27) ~ (94.598, 18.3576)
(31, 13) ~ (101.811, 11.1803)
(9, 27) ~ (98.0122, 15)
(40, 23) ~ (93.4975, 19.6469)
(49, 3) ~ (81.4264, 31.7648)
(10, 27) ~ (99.0122, 14.2127)
(47, 5) ~ (84.2549, 29.0689)
(37, 25) ~ (95.9117, 17.4642)
(11, 27) ~ (100.012, 13.4536)
(2, 37) ~ (87.3554, 26.8701)
(1, 37) ~ (86.9411, 27.5862)
(3, 37) ~ (88.3554, 26.1725)
(11, 28) ~ (100.426, 14.1421)
(48, 5) ~ (84.6691, 29.9666)
(37, 26) ~ (96.9117, 17.8885)
(32, 13) ~ (102.811, 12.083)
(41, 23) ~ (94.4975, 20.6155)
(3, 38) ~ (88.7696, 26.9072)
(36, 27) ~ (98.3259, 17.4929)
(37, 27) ~ (97.9117, 18.3576)
(11, 29) ~ (101.426, 14.8661)
(49, 5) ~ (85.6691, 30.8707)
(49, 6) ~ (86.0833, 30.4631)
(48, 7) ~ (87.4975, 29.1548)
(47, 7) ~ (88.4975, 28.2312)
(46, 7) ~ (89.4975, 27.313)
(33, 13) ~ (103.811, 13)
(45, 7) ~ (90.4975, 26.4008)
(45, 8) ~ (90.9117, 26)
(44, 9) ~ (92.3259, 24.6982)
(43, 9) ~ (93.3259, 23.7697)
(49, 7) ~ (87.0833, 30.0832)
(3, 39) ~ (89.7696, 27.6586)
(45, 9) ~ (91.9117, 25.632)
(43, 8) ~ (93.7402, 24.1661)
(11, 30) ~ (102.426, 15.6205)
(2, 39) ~ (90.1838, 28.3196)
(34, 13) ~ (104.811, 13.9284)
(43, 7) ~ (94.7402, 24.5967)
(11, 31) ~ (103.426, 16.4012)
(1, 39) ~ (91.1838, 29)
(35, 13) ~ (105.811, 14.8661)
(43, 6) ~ (95.7402, 25.0599)
(10, 31) ~ (103.841, 17.0294)
(1, 40) ~ (91.598, 29.7321)
(43, 5) ~ (96.7402, 25.5539)
(9, 31) ~ (104.841, 17.6918)
(36, 13) ~ (106.811, 15.8114)
(2, 41) ~ (93.0122, 29.8329)
(1, 41) ~ (92.598, 30.4795)
(3, 41) ~ (94.0122, 29.2062)
(44, 5) ~ (97.1544, 26.4197)
(4, 41) ~ (95.0122, 28.6007)
(5, 40) ~ (96.4264, 27.2029)
(9, 32) ~ (105.255, 18.4391)
(5, 39) ~ (97.4264, 26.4008)
(5, 41) ~ (96.0122, 28.0179)
(5, 38) ~ (98.4264, 25.6125)
(5, 37) ~ (99.4264, 24.8395)
(3, 42) ~ (94.4264, 30)
(5, 36) ~ (100.426, 24.0832)
(37, 13) ~ (107.811, 16.7631)
(5, 35) ~ (101.426, 23.3452)
(45, 5) ~ (98.1544, 27.2947)
(9, 33) ~ (106.255, 19.2094)
(3, 43) ~ (95.4264, 30.8058)
(45, 4) ~ (98.5686, 27.7849)
(8, 33) ~ (106.669, 19.8494)
(38, 13) ~ (108.811, 17.72)
(2, 43) ~ (95.8407, 31.4006)
(9, 34) ~ (107.255, 20)
(45, 3) ~ (99.5686, 28.3019)
(7, 33) ~ (107.669, 20.5183)
(39, 13) ~ (109.811, 18.6815)
(1, 43) ~ (96.8407, 32.0156)
(9, 35) ~ (108.255, 20.8087)
(39, 12) ~ (110.225, 18.9737)
(7, 34) ~ (108.083, 21.2603)
(1, 44) ~ (97.2549, 32.8024)
(40, 13) ~ (110.811, 19.6469)
(39, 11) ~ (111.225, 19.3132)
(9, 36) ~ (109.255, 21.6333)
(7, 35) ~ (109.083, 22.0227)
(2, 45) ~ (98.6691, 33.0151)
(1, 45) ~ (98.2549, 33.6006)
(40, 11) ~ (111.64, 20.2485)
(3, 45) ~ (99.6691, 32.45)
(41, 13) ~ (111.811, 20.6155)
(41, 14) ~ (112.225, 20.3961)
(9, 37) ~ (110.255, 22.4722)
(7, 36) ~ (110.083, 22.8035)
(41, 15) ~ (113.225, 20.2237)
(1, 46) ~ (99.2549, 34.4093)
(41, 11) ~ (112.64, 21.1896)
(41, 16) ~ (114.225, 20.0998)
(7, 37) ~ (111.083, 23.6008)
(41, 17) ~ (115.225, 20.025)
(1, 47) ~ (100.255, 35.2278)
(42, 11) ~ (113.64, 22.1359)
(7, 38) ~ (112.083, 24.4131)
(1, 48) ~ (101.255, 36.0555)
(43, 11) ~ (114.64, 23.0868)
(8, 39) ~ (113.498, 24.6982)
(7, 39) ~ (113.083, 25.2389)
(9, 39) ~ (114.498, 24.1868)
(1, 49) ~ (102.255, 36.8917)
(10, 39) ~ (115.498, 23.7065)
(44, 11) ~ (115.64, 24.0416)
(11, 39) ~ (116.498, 23.2594)
(9, 40) ~ (114.912, 25.0599)
(12, 39) ~ (117.498, 22.8473)
(13, 39) ~ (118.498, 22.4722)
(14, 39) ~ (119.498, 22.1359)
(45, 11) ~ (116.64, 25)
(9, 41) ~ (115.912, 25.9422)
(15, 39) ~ (120.498, 21.8403)
(8, 41) ~ (116.326, 26.4197)
(46, 11) ~ (117.64, 25.9615)
(7, 41) ~ (117.326, 26.9258)
(7, 42) ~ (117.74, 27.7849)
(47, 11) ~ (118.64, 26.9258)
(47, 12) ~ (119.054, 26.6833)
(47, 10) ~ (119.054, 27.2029)
(47, 13) ~ (120.054, 26.4764)
(7, 43) ~ (118.74, 28.6531)
(47, 9) ~ (120.054, 27.5136)
(6, 43) ~ (119.154, 29.1548)
(48, 9) ~ (120.468, 28.4605)
(5, 43) ~ (120.154, 29.6816)
(49, 9) ~ (121.468, 29.4109)
(49, 10) ~ (121.882, 29.1204)
(5, 44) ~ (120.569, 30.5287)
(49, 11) ~ (122.882, 28.8617)
(49, 12) ~ (123.882, 28.6356)
(5, 45) ~ (121.569, 31.3847)
(49, 13) ~ (124.882, 28.4429)
(49, 14) ~ (125.882, 28.2843)
(48, 15) ~ (127.297, 27.1662)
(47, 15) ~ (128.297, 26.1725)
(46, 15) ~ (129.297, 25.1794)
(45, 15) ~ (130.297, 24.1868)
(5, 46) ~ (122.569, 32.249)
(45, 14) ~ (130.711, 24.3311)
(49, 15) ~ (126.882, 28.1603)
(44, 13) ~ (132.125, 23.5372)
(43, 13) ~ (133.125, 22.561)
(43, 14) ~ (133.539, 22.3607)
(49, 16) ~ (127.882, 28.0713)
(45, 13) ~ (131.711, 24.5153)
(5, 47) ~ (123.569, 33.121)
(43, 15) ~ (134.539, 22.2036)
(49, 17) ~ (128.882, 28.0179)
(4, 47) ~ (123.983, 33.6155)
(43, 16) ~ (135.539, 22.0907)
(49, 18) ~ (129.882, 28)
(43, 17) ~ (136.539, 22.0227)
(49, 19) ~ (130.882, 28.0179)
(3, 47) ~ (124.983, 34.1321)
(49, 20) ~ (131.882, 28.0713)
(44, 17) ~ (136.953, 23.0217)
(3, 48) ~ (125.397, 34.9857)
(49, 21) ~ (132.882, 28.1603)
(45, 17) ~ (137.953, 24.0208)
(4, 49) ~ (126.811, 35.3553)
(49, 22) ~ (133.882, 28.2843)
(3, 49) ~ (126.397, 35.8469)
(45, 18) ~ (138.368, 24)
(5, 49) ~ (127.811, 34.8855)
(6, 49) ~ (128.811, 34.4384)
(49, 23) ~ (134.882, 28.4429)
(45, 19) ~ (139.368, 24.0208)
(7, 49) ~ (129.811, 34.0147)
(46, 17) ~ (138.953, 25.02)
(8, 49) ~ (130.811, 33.6155)
(45, 20) ~ (140.368, 24.0832)
(9, 48) ~ (132.225, 32.311)
(9, 47) ~ (133.225, 31.3847)
(9, 49) ~ (131.811, 33.2415)
(8, 47) ~ (133.64, 31.7805)
(45, 21) ~ (141.368, 24.1868)
(10, 49) ~ (132.811, 32.8938)
(47, 17) ~ (139.953, 26.0192)
(7, 46) ~ (135.054, 31.305)
(47, 18) ~ (140.368, 26)
(11, 49) ~ (133.811, 32.573)
(8, 45) ~ (136.468, 29.9666)
(7, 45) ~ (136.054, 30.4138)
(9, 44) ~ (137.882, 28.6356)
(10, 43) ~ (139.297, 27.313)
(9, 43) ~ (138.882, 27.7308)
(11, 42) ~ (140.711, 26)
(11, 41) ~ (141.711, 25.0799)
(12, 41) ~ (142.125, 24.6982)
(7, 47) ~ (134.64, 32.2025)
(9, 45) ~ (137.468, 29.5466)
(12, 49) ~ (134.811, 32.28)
(11, 43) ~ (140.297, 26.9258)
(47, 19) ~ (141.368, 26.0192)
(13, 41) ~ (143.125, 24.3516)
(13, 49) ~ (135.811, 32.0156)
(47, 20) ~ (142.368, 26.0768)
(14, 49) ~ (136.811, 31.7805)
(15, 48) ~ (138.225, 30.5941)
(13, 42) ~ (143.539, 25.2982)
(15, 47) ~ (139.225, 29.6142)
(15, 46) ~ (140.225, 28.6356)
(15, 45) ~ (141.225, 27.6586)
(16, 45) ~ (141.64, 27.4591)
(17, 44) ~ (143.054, 26.3059)
(17, 43) ~ (144.054, 25.318)
(15, 49) ~ (137.811, 31.5753)
(14, 45) ~ (141.64, 27.8927)
(47, 21) ~ (143.368, 26.1725)
(18, 43) ~ (144.468, 25.1794)
(17, 45) ~ (142.64, 27.2947)
(19, 43) ~ (145.468, 25.0799)
(47, 22) ~ (144.368, 26.3059)
(13, 43) ~ (144.539, 26.2488)
(13, 45) ~ (142.64, 28.1603)
(14, 43) ~ (144.953, 25.9615)
(15, 42) ~ (146.368, 24.7386)
(15, 41) ~ (147.368, 23.7697)
(16, 41) ~ (147.782, 23.5372)
(15, 43) ~ (145.953, 25.7099)
(47, 23) ~ (145.368, 26.4764)
(19, 44) ~ (145.882, 26.0768)
(12, 45) ~ (143.64, 28.4605)
(17, 41) ~ (148.782, 23.3452)
(18, 41) ~ (149.782, 23.1948)
(47, 24) ~ (146.368, 26.6833)
(19, 40) ~ (151.196, 22.0907)
(19, 39) ~ (152.196, 21.095)
(11, 45) ~ (144.64, 28.7924)
(18, 39) ~ (152.61, 21.2132)
(19, 41) ~ (150.782, 23.0868)
(19, 45) ~ (146.882, 27.074)
(47, 25) ~ (147.368, 26.9258)
(20, 45) ~ (147.297, 27.0185)
(17, 38) ~ (154.024, 20.3961)
(17, 37) ~ (155.024, 19.4165)
(21, 44) ~ (148.711, 26)
(21, 43) ~ (149.711, 25)
(21, 42) ~ (150.711, 24)
(21, 41) ~ (151.711, 23)
(21, 40) ~ (152.711, 22)
(21, 39) ~ (153.711, 21)
(11, 46) ~ (145.054, 29.7321)
(17, 39) ~ (153.61, 21.3776)
(16, 37) ~ (155.439, 19.6469)
(21, 45) ~ (148.297, 27)
(48, 25) ~ (147.782, 27.8927)
(15, 37) ~ (156.439, 19.9249)
(21, 46) ~ (148.711, 28)
(11, 47) ~ (146.054, 30.6757)
(12, 47) ~ (146.468, 30.3645)
(13, 47) ~ (147.468, 30.0832)
(49, 25) ~ (148.782, 28.8617)
(14, 37) ~ (157.439, 20.2485)
(49, 26) ~ (149.196, 29.1204)
(13, 36) ~ (158.853, 19.6977)
(13, 35) ~ (159.853, 18.7883)
(21, 47) ~ (149.711, 29)
(13, 37) ~ (158.439, 20.6155)
(48, 27) ~ (150.61, 28.4605)
(47, 27) ~ (151.61, 27.5136)
(20, 47) ~ (150.125, 29.0172)
(46, 27) ~ (152.61, 26.5707)
(45, 27) ~ (153.61, 25.632)
(44, 27) ~ (154.61, 24.6982)
(43, 27) ~ (155.61, 23.7697)
(42, 27) ~ (156.61, 22.8473)
(41, 27) ~ (157.61, 21.9317)
(49, 27) ~ (150.196, 29.4109)
(40, 27) ~ (158.61, 21.0238)
(39, 27) ~ (159.61, 20.1246)
(19, 47) ~ (151.125, 29.0689)
(12, 37) ~ (159.439, 21.0238)
(39, 28) ~ (160.024, 20.5913)
(49, 28) ~ (151.196, 29.7321)
(11, 36) ~ (160.853, 20.5913)
(11, 35) ~ (161.853, 19.7231)
(19, 48) ~ (151.539, 30.0666)
(38, 29) ~ (161.439, 20.2485)
(11, 34) ~ (162.853, 18.868)
(12, 33) ~ (164.267, 17.4929)
(13, 32) ~ (165.681, 16.1245)
(37, 29) ~ (162.439, 19.4165)
(14, 31) ~ (167.096, 14.7648)
(11, 33) ~ (163.853, 18.0278)
(11, 37) ~ (160.439, 21.4709)
(15, 30) ~ (168.51, 13.4164)
(13, 31) ~ (166.681, 15.2643)
(15, 29) ~ (169.51, 12.53)
(13, 30) ~ (167.681, 14.4222)
(39, 29) ~ (161.024, 21.095)
(13, 33) ~ (165.267, 17)
(49, 29) ~ (152.196, 30.0832)
(13, 29) ~ (168.681, 13.6015)
(15, 31) ~ (168.096, 14.3178)
(13, 28) ~ (169.681, 12.8062)
(14, 27) ~ (171.096, 11.4018)
(15, 26) ~ (172.51, 10)
(16, 25) ~ (173.924, 8.60233)
(13, 27) ~ (170.681, 12.0416)
(15, 25) ~ (173.51, 9.21954)
(37, 30) ~ (162.853, 20)
(15, 27) ~ (172.096, 10.8167)
(17, 25) ~ (174.924, 8.06226)
(40, 29) ~ (161.439, 21.9545)
(19, 49) ~ (152.539, 31.0644)
(49, 30) ~ (153.196, 30.4631)
(20, 49) ~ (152.953, 31.0161)
(18, 49) ~ (152.953, 31.1448)
(36, 31) ~ (164.267, 19.8494)
(35, 30) ~ (165.681, 18.4391)
(34, 29) ~ (167.096, 17.0294)
(17, 26) ~ (175.338, 8.94427)
(35, 31) ~ (165.267, 19.105)
(33, 29) ~ (168.096, 16.2788)
(37, 31) ~ (163.853, 20.6155)
(35, 29) ~ (166.681, 17.8045)
(48, 31) ~ (154.61, 29.9666)
(17, 48) ~ (154.368, 30.2655)
(17, 47) ~ (155.368, 29.2746)
(32, 29) ~ (169.096, 15.5563)
(47, 31) ~ (155.61, 29.0689)
(46, 31) ~ (156.61, 28.178)
(45, 30) ~ (158.024, 26.8328)
(45, 31) ~ (157.61, 27.2947)
(44, 29) ~ (159.439, 25.4951)
(21, 49) ~ (153.953, 31)
(43, 29) ~ (160.439, 24.5967)
(49, 31) ~ (154.196, 30.8707)
(17, 49) ~ (153.953, 31.257)
(41, 29) ~ (162.439, 22.8254)
(45, 29) ~ (159.024, 26.4008)
(38, 31) ~ (164.267, 21.4009)
(45, 32) ~ (158.024, 27.7849)
(22, 49) ~ (154.953, 31.0161)
(41, 30) ~ (162.853, 23.3238)
(17, 27) ~ (176.338, 9.84886)
(46, 29) ~ (159.439, 27.313)
(23, 49) ~ (155.953, 31.0644)
(45, 33) ~ (159.024, 28.3019)
(39, 31) ~ (165.267, 22.2036)
(41, 31) ~ (163.853, 23.8537)
(24, 49) ~ (156.953, 31.1448)
(17, 28) ~ (177.338, 10.7703)
(47, 29) ~ (160.439, 28.2312)
(45, 34) ~ (160.024, 28.8444)
(42, 31) ~ (164.267, 24.6982)
(25, 49) ~ (157.953, 31.257)
(44, 35) ~ (161.439, 28.6007)
(17, 29) ~ (178.338, 11.7047)
(43, 35) ~ (162.439, 27.8029)
(45, 35) ~ (161.024, 29.4109)
(42, 35) ~ (163.439, 27.0185)
(41, 35) ~ (164.439, 26.2488)
(43, 31) ~ (165.267, 25.5539)
(40, 35) ~ (165.439, 25.4951)
(39, 35) ~ (166.439, 24.7588)
(38, 35) ~ (167.439, 24.0416)
(43, 32) ~ (165.681, 26.0768)
(37, 35) ~ (168.439, 23.3452)
(17, 30) ~ (179.338, 12.6491)
(42, 33) ~ (167.096, 25.807)
(37, 36) ~ (168.853, 24.0832)
(41, 33) ~ (168.096, 25)
(40, 33) ~ (169.096, 24.2074)
(43, 33) ~ (166.681, 26.6271)
(39, 33) ~ (170.096, 23.4307)
(38, 33) ~ (171.096, 22.6716)
(17, 31) ~ (180.338, 13.6015)
(37, 33) ~ (172.096, 21.9317)
(18, 31) ~ (180.752, 13.3417)
(36, 33) ~ (173.096, 21.2132)
(36, 37) ~ (170.267, 24.2074)
(35, 36) ~ (171.681, 22.8035)
(34, 35) ~ (173.096, 21.4009)
(35, 33) ~ (174.096, 20.5183)
(37, 37) ~ (169.853, 24.8395)
(35, 35) ~ (172.681, 22.0227)
(35, 37) ~ (171.267, 23.6008)
(33, 35) ~ (174.096, 20.8087)
(19, 31) ~ (181.752, 13.1529)
(34, 33) ~ (175.096, 19.8494)
(33, 32) ~ (176.51, 18.4391)
(32, 31) ~ (177.924, 17.0294)
(33, 31) ~ (177.51, 17.6918)
(33, 33) ~ (176.096, 19.2094)
(31, 31) ~ (178.924, 16.4012)
(32, 35) ~ (175.096, 20.2485)
(31, 35) ~ (176.096, 19.7231)
(19, 32) ~ (182.167, 14.1421)
(31, 32) ~ (179.338, 17.2047)
(31, 36) ~ (176.51, 20.5913)
(30, 33) ~ (180.752, 17.4929)
(29, 32) ~ (182.167, 16.1245)
(19, 33) ~ (183.167, 15.1327)
(31, 33) ~ (180.338, 18.0278)
(29, 31) ~ (183.167, 15.2643)
(29, 30) ~ (184.167, 14.4222)
(29, 33) ~ (181.752, 17)
(29, 29) ~ (185.167, 13.6015)
(18, 33) ~ (183.581, 15.2971)
(29, 28) ~ (186.167, 12.8062)
(31, 37) ~ (177.51, 21.4709)
(28, 27) ~ (187.581, 11.4018)
(27, 26) ~ (188.995, 10)
(26, 25) ~ (190.409, 8.60233)
(25, 24) ~ (191.823, 7.2111)
(24, 23) ~ (193.238, 5.83095)
(23, 22) ~ (194.652, 4.47214)
(29, 27) ~ (187.167, 12.0416)
(28, 26) ~ (188.581, 10.6301)
(27, 25) ~ (189.995, 9.21954)
(26, 24) ~ (191.409, 7.81025)
(25, 23) ~ (192.823, 6.40312)
(22, 21) ~ (196.066, 3.16228)
(24, 22) ~ (194.238, 5)
(23, 21) ~ (195.652, 3.60555)
(22, 20) ~ (197.066, 2.23607)
(27, 27) ~ (188.581, 10.8167)
(26, 26) ~ (189.995, 9.43398)
(25, 25) ~ (191.409, 8.06226)
(26, 23) ~ (192.409, 7.07107)
(27, 24) ~ (190.995, 8.48528)
(28, 25) ~ (189.581, 9.8995)
(29, 26) ~ (188.167, 11.3137)
(21, 19) ~ (198.48, 1)
(21, 18) ~ (199.48, 0)
